79464412,PORTUGAL RAFFO ALEXANDER,3902394
16552775,YALLICO PAREDES LOURDES CARMELA,960176666
20864087,ZEGARRA CASANOVA ESTEFANIA,2639311
94326707,CHANG SEGURA ANGEL,984185862
73786035,ORTIZ EPIQUEN HENRY ISRAEL,6873908
31193794,GARCIA YINO AMERICO WALDEMAR,986742314
96659352,BRAVO VIZCARRA ROBERTO,985707065
57690875,NORABUENA VILLEGAS ARTURO RAFAEL,889013091
69975105,VALDERRAMA MENDOZA LUIS ADOLFO,977523461
54761731,LOYOLA IBEROS ANGEL GUSTAVO,951334343
67418025,MOSCOSO SUELDO MARINA,7663823
77642521,SORIA CASTILLO LUIS GUSTAVO,952902679
35584593,LAM VIZCARDO MILAGROS YVONNE,6294058
43053402,BENAVENTE ZIMIC MADELEINE ZKENIA,917252545
