BIT-434,Campana Extractora modelo Glass,375.09,10
SSE-115,Refrigeradora  CoolStyle 311N Steel,3243.58,3
NMV-644,Lavadora Automatica,3272.48,5
MLE-193,Cocina a gas Ingenious,2779.41,10
YYK-309,Refrigeradora Door in Door,4079.44,25
QVJ-982,Horno Microondas 0.7 p3,1352.76,12
VZV-827,Refrigeradora Top Mount,1784.27,2
HFC-845,Televisor Serie LED R555A,3736.75,2
AVM-258,Cocina a gas Toscana,2831.23,10
YUQ-590,Refrigeradora  CoolStyle 395N Steel,1979.07,9
FLJ-040,Parlantes portatiles SOUNDSHOOTER,3703.37,19
EUZ-452,Impresora Mutifuncional Led Color,3623.88,11
SPR-580,Dispensador de Agua,404.35,3
WLL-607,Cocina Electronica Convencion,1525.04,1
UWA-476,Autoradio MEX BT3150U,1191.39,19
YOT-530,Deshumedecedor DM-190H,941.73,13
NSR-955,Cocina a gas Blogna,2591.44,14
SJD-818,Refrigeradora  CoolStyle 281A Steel,3387.75,23
BCK-361,Tablets 10.1,1872.53,2
ZAF-449,Tablet Cardle,816.43,16
OBI-353,Terma Milenium,2960.56,16
SNY-500,Cocina a gas Praga Quarzo,3297.09,12
CSZ-863,Video Filmadora,1713.57,7
TMJ-043,Lavadora EcoBubble,2400.79,3
MTF-868,Impresora Monocromatica WorkForce M205,971.59,12
BMJ-772,Refrigeradora Side by Side,936.32,13
MYC-756,Cocina a gas Leganza INOX,1506.80,21
FCN-617,Televisor Plasma 60,4121.05,6
ONB-903,Reproductor BLU-RAY 3D,653.67,16
VXS-438,Mouse Blue Tooth,60.11,17
