insert into bs_categoria (idcategoria, descripcion, estado) values ('001', 'Moda casual', 'A');
insert into bs_categoria (idcategoria, descripcion, estado) values ('002', 'Moda elegante', 'A');
insert into bs_categoria (idcategoria, descripcion, estado) values ('003', 'Accesorios moda elegante', 'I');
insert into bs_categoria (idcategoria, descripcion, estado) values ('004', 'Moda deportiva', 'A');
insert into bs_categoria (idcategoria, descripcion, estado) values ('005', 'Ropa interior', 'A');
insert into bs_categoria (idcategoria, descripcion, estado) values ('006', 'Belleza', 'I');
insert into bs_categoria (idcategoria, descripcion, estado) values ('007', 'Salud', 'I');
insert into bs_categoria (idcategoria, descripcion, estado) values ('008', 'Maleteria', 'I');
insert into bs_categoria (idcategoria, descripcion, estado) values ('009', 'Higuiene', 'I');


Insert into BS_PERSONA (IDPERSONA,DOCIDENTIDAD,NOMBRES,PRIMERAPELLIDO,SEGUNDOAPELLIDO,FECHANACIMIENTO,CELULAR) values ('EMP001','8517236','Jorge Luis','Juarez','Gomez',to_date('15/04/85','DD/MM/RR'),'984172540');
Insert into BS_PERSONA (IDPERSONA,DOCIDENTIDAD,NOMBRES,PRIMERAPELLIDO,SEGUNDOAPELLIDO,FECHANACIMIENTO,CELULAR) values ('EMP002','79484720','Irma María','Ramirez','Lasso',to_date('12/09/87','DD/MM/RR'),'945721356');
Insert into BS_PERSONA (IDPERSONA,DOCIDENTIDAD,NOMBRES,PRIMERAPELLIDO,SEGUNDOAPELLIDO,FECHANACIMIENTO,CELULAR) values ('EMP003','64413166','Francisco','Torres','La Mar',to_date('27/09/89','DD/MM/RR'),'972471258');
Insert into BS_PERSONA (IDPERSONA,DOCIDENTIDAD,NOMBRES,PRIMERAPELLIDO,SEGUNDOAPELLIDO,FECHANACIMIENTO,CELULAR) values ('EMP004','5348569','Mario','Campos','Izquierdo',to_date('11/08/99','DD/MM/RR'),'952314781');
Insert into BS_PERSONA (IDPERSONA,DOCIDENTIDAD,NOMBRES,PRIMERAPELLIDO,SEGUNDOAPELLIDO,FECHANACIMIENTO,CELULAR) values ('EMP005','63681307','Mirna','Delgado','Zapata',to_date('18/01/98','DD/MM/RR'),'968111570');
Insert into BS_PERSONA (IDPERSONA,DOCIDENTIDAD,NOMBRES,PRIMERAPELLIDO,SEGUNDOAPELLIDO,FECHANACIMIENTO,CELULAR) values ('EMP006','4654668342','Oscar','Leon',null,to_date('30/07/03','DD/MM/RR'),'965877245');
Insert into BS_PERSONA (IDPERSONA,DOCIDENTIDAD,NOMBRES,PRIMERAPELLIDO,SEGUNDOAPELLIDO,FECHANACIMIENTO,CELULAR) values ('EMP007','46465234','Benjamin','Rios','Laos',to_date('11/03/01','DD/MM/RR'),'903657120');
Insert into BS_PERSONA (IDPERSONA,DOCIDENTIDAD,NOMBRES,PRIMERAPELLIDO,SEGUNDOAPELLIDO,FECHANACIMIENTO,CELULAR) values ('EMP008','36784582','Jackeline','Verano',null,to_date('09/05/05','DD/MM/RR'),'968547740');
Insert into BS_PERSONA (IDPERSONA,DOCIDENTIDAD,NOMBRES,PRIMERAPELLIDO,SEGUNDOAPELLIDO,FECHANACIMIENTO,CELULAR) values ('CLI001', 41258796, 'Pedro', 'Ore', NULL, to_date('29/01/05','DD/MM/RR'), 994531234);
Insert into BS_PERSONA (IDPERSONA,DOCIDENTIDAD,NOMBRES,PRIMERAPELLIDO,SEGUNDOAPELLIDO,FECHANACIMIENTO,CELULAR) values ('CLI002', 51469870, 'David', 'Torrealva', 'De los Montes', to_date('17/05/06', 'DD/MM/RR'),	999999999);
Insert into BS_PERSONA (IDPERSONA,DOCIDENTIDAD,NOMBRES,PRIMERAPELLIDO,SEGUNDOAPELLIDO,FECHANACIMIENTO,CELULAR) values ('CLI003', 52678419, 'Karina', 'Montessori', 'Ezquivel Ramirez', to_date('23/11/07', 'DD/MM/RR'),	927485110);
Insert into BS_PERSONA (IDPERSONA,DOCIDENTIDAD,NOMBRES,PRIMERAPELLIDO,SEGUNDOAPELLIDO,FECHANACIMIENTO,CELULAR) values ('CLI004', 52369759, 'Elio', 'Rivasplata', 'Jimenez', to_date('16/12/04', 'DD/MM/RR'), 963125741);
Insert into BS_PERSONA (IDPERSONA,DOCIDENTIDAD,NOMBRES,PRIMERAPELLIDO,SEGUNDOAPELLIDO,FECHANACIMIENTO,CELULAR) values ('CLI005', 53789004, 'Antonieta', 'Canchanya', 'Sotelo', to_date('03/06/01', 'DD/MM/RR'), 999999999);
Insert into BS_PERSONA (IDPERSONA,DOCIDENTIDAD,NOMBRES,PRIMERAPELLIDO,SEGUNDOAPELLIDO,FECHANACIMIENTO,CELULAR) values ('CLI006', 58910704, 'Milagritos', 'Cusihuaman De Lopez', 'Jimenez', NULL, 952327147);


insert into BS_Prenda (idPrenda, idCategoria, descripcion, color) VALUES (1, '001', 'Pantalon drill', 'azul');
insert into BS_Prenda (idPrenda, idCategoria, descripcion, color) VALUES (2, '001', 'Pantalon drill', 'negro');
insert into BS_Prenda (idPrenda, idCategoria, descripcion, color) VALUES (3, '001', 'Pantalon drill', 'verde');
insert into BS_Prenda (idPrenda, idCategoria, descripcion, color) VALUES (4, '001', 'Pantalon drill', 'caramelo');
insert into BS_Prenda (idPrenda, idCategoria, descripcion, color) VALUES (5, '001', 'Camisa cuello V', 'negro');
insert into BS_Prenda (idPrenda, idCategoria, descripcion, color) VALUES (6, '001', 'Camisa cuello tortuta', 'amarillo');
insert into BS_Prenda (idPrenda, idCategoria, descripcion, color) VALUES (7, '001', 'Camisa cuello tortuta', 'anaranjado');
insert into BS_Prenda (idPrenda, idCategoria, descripcion, color) VALUES (8, '001', 'Camisa cuello tortuta', 'negro');
insert into BS_Prenda (idPrenda, idCategoria, descripcion, color) VALUES (9, '001', 'Camisa cuello tortuta', 'azul');
insert into BS_Prenda (idPrenda, idCategoria, descripcion, color) VALUES (10, '001', 'Camisa cuello V', 'celeste');
insert into BS_Prenda (idPrenda, idCategoria, descripcion, color) VALUES (11, '001', 'Camisa cuello V', 'blanco');
insert into BS_Prenda (idPrenda, idCategoria, descripcion, color) VALUES (12, '001', 'Camisa cuello V', 'lila');
insert into BS_Prenda (idPrenda, idCategoria, descripcion, color) VALUES (13, '001', 'Falda a cuadros', 'rojo');
insert into BS_Prenda (idPrenda, idCategoria, descripcion, color) VALUES (14, '001', 'Falda a cuadros', 'blanco');
insert into BS_Prenda (idPrenda, idCategoria, descripcion, color) VALUES (15, '001', 'Falda a cuadros', 'negro');
insert into BS_Prenda (idPrenda, idCategoria, descripcion, color) VALUES (16, '001', 'Falda a cuadros', 'azul');


insert into BS_Prenda (idPrenda, idCategoria, descripcion, color) VALUES (17, '002', 'Vestido largo', 'azul');
insert into BS_Prenda (idPrenda, idCategoria, descripcion, color) VALUES (18, '002', 'Vestido largo', 'negro');
insert into BS_Prenda (idPrenda, idCategoria, descripcion, color) VALUES (19, '002', 'Vestido largo', 'rojo');
insert into BS_Prenda (idPrenda, idCategoria, descripcion, color) VALUES (20, '002', 'terno', 'plomo');
insert into BS_Prenda (idPrenda, idCategoria, descripcion, color) VALUES (21, '002', 'terno', 'negro');
insert into BS_Prenda (idPrenda, idCategoria, descripcion, color) VALUES (22, '002', 'terno', 'azul');
insert into BS_Prenda (idPrenda, idCategoria, descripcion, color) VALUES (23, '003', 'correa de cuero', 'negro');
insert into BS_Prenda (idPrenda, idCategoria, descripcion, color) VALUES (24, '003', 'correa de cuero', 'marron');
insert into BS_Prenda (idPrenda, idCategoria, descripcion, color) VALUES (25, '003', 'corbata', 'rojo');
insert into BS_Prenda (idPrenda, idCategoria, descripcion, color) VALUES (26, '003', 'corbata', 'negro');
insert into BS_Prenda (idPrenda, idCategoria, descripcion, color) VALUES (27, '003', 'corbata', 'lila');
insert into BS_Prenda (idPrenda, idCategoria, descripcion, color) VALUES (28, '004', 'buzo', 'blanco');
insert into BS_Prenda (idPrenda, idCategoria, descripcion, color) VALUES (29, '004', 'buzo', 'negro');
insert into BS_Prenda (idPrenda, idCategoria, descripcion, color) VALUES (30, '004', 'buzo', 'verde');
insert into BS_Prenda (idPrenda, idCategoria, descripcion, color) VALUES (31, '004', 'polo', 'anaranjado');
insert into BS_Prenda (idPrenda, idCategoria, descripcion, color) VALUES (32, '004', 'polo', 'negro');
insert into BS_Prenda (idPrenda, idCategoria, descripcion, color) VALUES (33, '004', 'polo', 'plomo');