<?xml version="1.0" encoding="UTF-8"?>
<project-private xmlns="http://www.netbeans.org/ns/project-private/1">
    <data xmlns="http://www.netbeans.org/ns/make-project-private/1">
        <activeConfTypeElem>1</activeConfTypeElem>
        <activeConfIndexElem>0</activeConfIndexElem>
    </data>
    <editor-bookmarks xmlns="http://www.netbeans.org/ns/editor-bookmarks/2" lastBookmarkId="0"/>
    <open-files xmlns="http://www.netbeans.org/ns/projectui-open-files/2">
        <group>
            <file>file:/D:/YOSHI%20proyectos/PUCP/2025/Progra2/LAB1%202024-2/Parte%202/Parte2_UsarBiblioteca/AperturaDeArchivos.h</file>
            <file>file:/D:/YOSHI%20proyectos/PUCP/2025/Progra2/LAB1%202024-2/Parte%202/Parte2_UsarBiblioteca/main.cpp</file>
        </group>
    </open-files>
</project-private>
