<?xml version="1.0" encoding="UTF-8"?>
<project-private xmlns="http://www.netbeans.org/ns/project-private/1">
    <data xmlns="http://www.netbeans.org/ns/make-project-private/1">
        <activeConfTypeElem>1</activeConfTypeElem>
        <activeConfIndexElem>0</activeConfIndexElem>
    </data>
    <editor-bookmarks xmlns="http://www.netbeans.org/ns/editor-bookmarks/2" lastBookmarkId="0"/>
    <open-files xmlns="http://www.netbeans.org/ns/projectui-open-files/2">
        <group>
            <file>file:/C:/Users/kenyi/Desktop/5to%20Ciclo2025-1/Progra2/Lab01_2024_1_20231466_Chavez_Kenyi/Parte1_CrearBiblioteca/Prueba_Biblioteca_Compilada_2024_1/main.cpp</file>
        </group>
    </open-files>
</project-private>
