AP-500,CHORIZOS COCKTAIL,12.90,APERITIVO
AP-410,ANTICUCHO,12.90,APERITIVO
AP-428,TEQUE�OS,19.50,APERITIVO
PI-488,PIQUEOS CHORIZOS COCKTAIL,16.90,PIQUEO
PI-404,PIQUEOS BROCHETA,17.90,PIQUEO
PI-153,PIQUEOS MOLLEJITAS,18.90,PIQUEO
PI-392,PIQUEOS ANTICUCHO,18.90,PIQUEO
PI-539,PIQUEOS MINI POLLITOS PANKO,21.90,PIQUEO
PI-608,PIQUEOS CHICHARRON DE POLLO,27.90,PIQUEO
PA-871,LOMO A LA PARRILLA,54.90,PARRILLA
PA-850,BIFE A LA PARRILLA,53.90,PARRILLA
PA-692,PARRILLA PARA DOS,89.90,PARRILLA
PA-500,PARRILLA PARA CUATRO,128.90,PARRILLA
EN-758,BROCHETAS DE POLLO,25.90,ENTRADA
EN-766,ANTICUCHO DE CORAZON,25.90,ENTRADA
EN-365,MOLLEGITAS A LA PARRILLA,25.90,ENTRADA
BR-921,1/4 POLLO - PAPAS - ENSALADA,29.50,BRASA
BR-378,1/4 POLLO - ARROCERO,33.50,BRASA
BR-724,1/4 POLLO - ENCAMOTADO,31.50,BRASA
BR-578,1/4 POLLO A LO BRAVO,33.50,BRASA
BR-592,1/4 POLLO - ANTICUCHO,33.90,BRASA
BR-611,1/2 POLLO - PAPAS - ENSALADA,46.90,BRASA
BR-197,1/2 POLLO - ARROCERO,47.50,BRASA
BR-116,1/2 POLLO - ENCAMOTADO,49.90,BRASA
BR-756,1/2 POLLO A LO BRAVO,50.90,BRASA
BR-525,1/2  POLLO - ANTICUCHO,58.50,BRASA
