JNV387,Justino Norabuena Virginia Karina,Motocicleta
PRT150,Pairazaman Raffo Tatiana Delicia,Bicicleta
SYI157,Sam Yallico Ines ,Motocicleta
SMC480,Sakaguchi Mori Carlos Ronal,Motocicleta
SRY667,Sinche Rivero Yvonne Silvana,Bicicleta
ACA305,Asmad Chavez Adria ,Bicicleta
BCJ176,Bravo Cortes Janet Flor,Bicicleta
ERI639,Escalante Rojas Ines Adria,Bicicleta
LIH676,Lozada Iberos Heli Blanca,Bicicleta
VSH648,Vega Soria Henrry ,Motocicleta
SCR377,Solis Chung Rolando ,Bicicleta
EBD360,Egusquiza Berrocal Doris Nancy,Motocicleta
VMM254,Valverde Maeireizo Melvin Jair,Bicicleta
FCA273,Florencio Coronado Alonso ,Motocicleta
TJL725,Trigueros Jugo Luz ,Bicicleta
LAF361,Lozada Arguedas Felicita Valentina,Motocicleta
RAK361,Ramirez Astete Karina Estefania,Bicicleta
VSM267,Vizcardo Sinche Maribel ,Motocicleta
PVJ527,Prado Vera Juan ,Motocicleta
MAF774,Moscoso Arias Fiorella ,Bicicleta
CCJ708,Contreras Chang Johana Cinthia,Motocicleta
JDC639,Jauregui Del Castillo Victor Ricardo,Motocicleta
PBD627,Patino Bolanos Delicia Virginia,Motocicleta
MCE193,Mercado Coronel Elia ,Motocicleta
ATN985,Arroyo Tomasiche Natalia ,Motocicleta
NCJ980,Narvaez Castillo Jesus Rafael,Motocicleta
CPY191,Camacho Pairazaman Ydali Lucero,Motocicleta
LFD120,Lozada Forzani Delia ,Motocicleta
RMB124,Rodriguez Moreno Blanca Ofelia,Bicicleta
ZPA452,Zarate Perez Alexander ,Bicicleta
DTE915,Diaz Tang Enrique ,Bicicleta
PSG279,Pena Suarez Glenda Margot,Motocicleta
SNM868,Solis Narvaez Maria Madeleine,Bicicleta
HLM152,Hijar Lam Martin ,Motocicleta
LVW759,Luna Vargas Waldemar ,Motocicleta
