<?xml version="1.0" encoding="UTF-8"?>
<project-private xmlns="http://www.netbeans.org/ns/project-private/1">
    <data xmlns="http://www.netbeans.org/ns/make-project-private/1">
        <activeConfTypeElem>1</activeConfTypeElem>
        <activeConfIndexElem>0</activeConfIndexElem>
    </data>
    <editor-bookmarks xmlns="http://www.netbeans.org/ns/editor-bookmarks/2" lastBookmarkId="0"/>
    <open-files xmlns="http://www.netbeans.org/ns/projectui-open-files/2">
        <group>
            <file>file:/D:/ALGORITMIA/Lab05/P2_Lab04_2024_2%20(ABB)/main.cpp</file>
            <file>file:/D:/ALGORITMIA/Lab05/P2_Lab04_2024_2%20(ABB)/NodoArbol.h</file>
            <file>file:/D:/ALGORITMIA/Lab05/P2_Lab04_2024_2%20(ABB)/funcionesLista.cpp</file>
            <file>file:/D:/ALGORITMIA/Lab05/P2_Lab04_2024_2%20(ABB)/funcionesABB.cpp</file>
            <file>file:/D:/ALGORITMIA/Lab05/P2_Lab04_2024_2%20(ABB)/funcionesAB.h</file>
            <file>file:/D:/ALGORITMIA/Lab05/P2_Lab04_2024_2%20(ABB)/funcionesAB.cpp</file>
            <file>file:/D:/ALGORITMIA/Lab05/P2_Lab04_2024_2%20(ABB)/Elemento.h</file>
            <file>file:/D:/ALGORITMIA/Lab05/P2_Lab04_2024_2%20(ABB)/funcionesPila.cpp</file>
            <file>file:/D:/ALGORITMIA/Lab05/P2_Lab04_2024_2%20(ABB)/ArbolBB.h</file>
            <file>file:/D:/ALGORITMIA/Lab05/P2_Lab04_2024_2%20(ABB)/ArbolB.h</file>
        </group>
    </open-files>
</project-private>
