<?xml version="1.0" encoding="UTF-8"?>
<project-private xmlns="http://www.netbeans.org/ns/project-private/1">
    <data xmlns="http://www.netbeans.org/ns/make-project-private/1">
        <activeConfTypeElem>1</activeConfTypeElem>
        <activeConfIndexElem>0</activeConfIndexElem>
    </data>
    <editor-bookmarks xmlns="http://www.netbeans.org/ns/editor-bookmarks/2" lastBookmarkId="0"/>
    <open-files xmlns="http://www.netbeans.org/ns/projectui-open-files/2">
        <group>
            <file>file:/T:/PROGRA2_EX1_19-1-P2-yoshi/Pregunta2-Examen01/Funciones%20auxiliares.cpp</file>
            <file>file:/T:/PROGRA2_EX1_19-1-P2-yoshi/Pregunta2-Examen01/Funciones%20auxiliares.h</file>
            <file>file:/T:/PROGRA2_EX1_19-1-P2-yoshi/Pregunta2-Examen01/main.cpp</file>
        </group>
    </open-files>
</project-private>
