INSERT INTO ET_DISTRITO (ID_DISTRITO, NOMBRE)
VALUES ('140108', 'CHORRILLOS');
INSERT INTO ET_DISTRITO (ID_DISTRITO, NOMBRE)
VALUES ('140115', 'MIRAFLORES');
INSERT INTO ET_DISTRITO (ID_DISTRITO, NOMBRE)
VALUES ('140124', 'SAN ISIDRO');

INSERT INTO ET_CONDUCTOR (ID_CONDUCTOR, NOMBRES, APELLIDO_PATERNO, APELLIDO_MATERNO, TIPO_LICENCIA, ESTADO)
VALUES (1, 'Alvaro Stefano', 'Angeles', 'Meza', 'A-IIIa', 'A');
INSERT INTO ET_CONDUCTOR (ID_CONDUCTOR, NOMBRES, APELLIDO_PATERNO, APELLIDO_MATERNO, TIPO_LICENCIA, ESTADO)
VALUES (2, 'Daniel Enrique', 'Paz', 'Contreras', 'A-IIIa', 'A');
INSERT INTO ET_CONDUCTOR (ID_CONDUCTOR, NOMBRES, APELLIDO_PATERNO, APELLIDO_MATERNO, TIPO_LICENCIA, ESTADO)
VALUES (3, 'Javier William', 'Pauca', 'Bocanegra', 'A-IIIa', 'B');
INSERT INTO ET_CONDUCTOR (ID_CONDUCTOR, NOMBRES, APELLIDO_PATERNO, APELLIDO_MATERNO, TIPO_LICENCIA, ESTADO)
VALUES (4, 'Luciano Javier', 'Diaz', 'Ybarra', 'A-IIb', 'A');
INSERT INTO ET_CONDUCTOR (ID_CONDUCTOR, NOMBRES, APELLIDO_PATERNO, APELLIDO_MATERNO, TIPO_LICENCIA, ESTADO)
VALUES (5, 'Erick Eduardo', 'Lozano', 'Estrada', 'A-IIb', 'A');

INSERT INTO ET_MODELO_BUS (ID_MODELO_BUS, FABRICANTE, ANHO_FABRICACION, MAX_VELOCIDAD, NUMERO_ASIENTOS, CAPACIDAD_DE_PIE)
VALUES (1, 'Mercedes', 2000, 90, 40, 20);
INSERT INTO ET_MODELO_BUS (ID_MODELO_BUS, FABRICANTE, ANHO_FABRICACION, MAX_VELOCIDAD, NUMERO_ASIENTOS, CAPACIDAD_DE_PIE)
VALUES (2, 'Mercedes', 2008, 100, 60, 20);
INSERT INTO ET_MODELO_BUS (ID_MODELO_BUS, FABRICANTE, ANHO_FABRICACION, MAX_VELOCIDAD, NUMERO_ASIENTOS, CAPACIDAD_DE_PIE)
VALUES (3, 'Mercedes', 2012, 120, 60, 20);

INSERT INTO ET_BUS (ID_BUS, ID_MODELO_BUS, PLACA, ASEGURADO, ESTADO)
VALUES (1, 1, 'DFV-365', 1, 'A');
INSERT INTO ET_BUS (ID_BUS, ID_MODELO_BUS, PLACA, ASEGURADO, ESTADO)
VALUES (2, 1, 'RGH-753', 1, 'A');
INSERT INTO ET_BUS (ID_BUS, ID_MODELO_BUS, PLACA, ASEGURADO, ESTADO)
VALUES (3, 2, 'MNH-346', 1, 'A');
INSERT INTO ET_BUS (ID_BUS, ID_MODELO_BUS, PLACA, ASEGURADO, ESTADO)
VALUES (4, 2, 'SDF-478', 1, 'A');
INSERT INTO ET_BUS (ID_BUS, ID_MODELO_BUS, PLACA, ASEGURADO, ESTADO)
VALUES (5, 3, 'MHG-235', 1, 'A');

INSERT INTO ET_PARADERO (ID_PARADERO, NOMBRE, ID_DISTRITO, REFERENCIA, TIPO, ESTADO)
VALUES (1, 'Los Cedros', '140108', NULL, 'I', 'A');
INSERT INTO ET_PARADERO (ID_PARADERO, NOMBRE, ID_DISTRITO, REFERENCIA, TIPO, ESTADO)
VALUES (2, 'Plaza Lima Sur', '140108', NULL, 'N', 'A');
INSERT INTO ET_PARADERO (ID_PARADERO, NOMBRE, ID_DISTRITO, REFERENCIA, TIPO, ESTADO)
VALUES (3, 'Escuela Militar', '140108', NULL, 'N', 'A');
INSERT INTO ET_PARADERO (ID_PARADERO, NOMBRE, ID_DISTRITO, REFERENCIA, TIPO, ESTADO)
VALUES (4, 'Armendariz', '140115', NULL, 'N', 'A');
INSERT INTO ET_PARADERO (ID_PARADERO, NOMBRE, ID_DISTRITO, REFERENCIA, TIPO, ESTADO)
VALUES (5, 'Larco Mar', '140115', NULL, 'N', 'A');
INSERT INTO ET_PARADERO (ID_PARADERO, NOMBRE, ID_DISTRITO, REFERENCIA, TIPO, ESTADO)
VALUES (6, 'Ovalo Miraflores', '140115', NULL, 'N', 'A');
INSERT INTO ET_PARADERO (ID_PARADERO, NOMBRE, ID_DISTRITO, REFERENCIA, TIPO, ESTADO)
VALUES (7, 'Aramburú', '140124', NULL, 'N', 'A');
INSERT INTO ET_PARADERO (ID_PARADERO, NOMBRE, ID_DISTRITO, REFERENCIA, TIPO, ESTADO)
VALUES (8, 'Javier Prado', '140124', NULL, 'F', 'A');