,DNI,Infraccion,CodigoDron,Fecha,Valor,ID_Unico
290,12270502,102,O1C-880,DRN-0290,14/04/2020,12270502_102_O1C-880_DRN-0290
790,12270502,102,O1C-880,DRN-0290,14/04/2020,12270502_102_O1C-880_DRN-0290
380,12270502,111,P7T-999,DRN-0380,20/11/2020,12270502_111_P7T-999_DRN-0380
786,12270502,111,P7T-999,DRN-0380,20/11/2020,12270502_111_P7T-999_DRN-0380
71,12270502,150,P7T-999,DRN-0071,13/04/2020,12270502_150_P7T-999_DRN-0071
604,12270502,332,O1C-880,DRN-0604,27/12/2020,12270502_332_O1C-880_DRN-0604
823,12270502,332,O1C-880,DRN-0604,27/12/2020,12270502_332_O1C-880_DRN-0604
481,12270502,332,Y5F-449,DRN-0481,25/03/2020,12270502_332_Y5F-449_DRN-0481
956,12270502,332,Y5F-449,DRN-0481,25/03/2020,12270502_332_Y5F-449_DRN-0481
133,12443643,156,R8H-409,DRN-0133,14/12/2020,12443643_156_R8H-409_DRN-0133
754,12443643,156,R8H-409,DRN-0133,14/12/2020,12443643_156_R8H-409_DRN-0133
617,12443643,321,R8H-409,DRN-0617,30/10/2020,12443643_321_R8H-409_DRN-0617
54,12858682,101,T5L-371,DRN-0054,20/12/2020,12858682_101_T5L-371_DRN-0054
673,12858682,101,T5L-371,DRN-0054,20/12/2020,12858682_101_T5L-371_DRN-0054
385,12858682,308,T5L-371,DRN-0385,11/03/2020,12858682_308_T5L-371_DRN-0385
516,12858682,310,T5L-371,DRN-0516,22/04/2020,12858682_310_T5L-371_DRN-0516
655,12858682,310,T5L-371,DRN-0516,22/04/2020,12858682_310_T5L-371_DRN-0516
283,12858682,318,T5L-371,DRN-0283,27/02/2020,12858682_318_T5L-371_DRN-0283
176,13219606,102,N1O-921,DRN-0176,4/09/2020,13219606_102_N1O-921_DRN-0176
706,13219606,102,N1O-921,DRN-0176,4/09/2020,13219606_102_N1O-921_DRN-0176
145,13219606,141,T3B-722,DRN-0145,29/08/2020,13219606_141_T3B-722_DRN-0145
749,13219606,141,T3B-722,DRN-0145,29/08/2020,13219606_141_T3B-722_DRN-0145
638,13219606,145,N1O-921,DRN-0638,6/04/2020,13219606_145_N1O-921_DRN-0638
808,13219606,145,N1O-921,DRN-0638,6/04/2020,13219606_145_N1O-921_DRN-0638
529,13219606,152,M2Q-712,DRN-0529,13/08/2020,13219606_152_M2Q-712_DRN-0529
730,13219606,152,M2Q-712,DRN-0529,13/08/2020,13219606_152_M2Q-712_DRN-0529
91,13219606,313,M2Q-712,DRN-0091,20/06/2020,13219606_313_M2Q-712_DRN-0091
105,13219606,313,M2Q-712,DRN-0105,20/07/2020,13219606_313_M2Q-712_DRN-0105
90,13219606,313,T3B-722,DRN-0090,16/04/2020,13219606_313_T3B-722_DRN-0090
701,13219606,313,T3B-722,DRN-0090,16/04/2020,13219606_313_T3B-722_DRN-0090
159,13219606,333,T3B-722,DRN-0159,16/11/2020,13219606_333_T3B-722_DRN-0159
589,13628871,108,F3E-797,DRN-0589,21/03/2020,13628871_108_F3E-797_DRN-0589
729,13628871,108,F3E-797,DRN-0589,21/03/2020,13628871_108_F3E-797_DRN-0589
103,13628871,131,F3E-797,DRN-0103,14/05/2020,13628871_131_F3E-797_DRN-0103
413,13628871,142,F3E-797,DRN-0413,19/01/2020,13628871_142_F3E-797_DRN-0413
462,13628871,302,F3E-797,DRN-0462,19/03/2020,13628871_302_F3E-797_DRN-0462
578,13628871,302,F3E-797,DRN-0578,13/01/2020,13628871_302_F3E-797_DRN-0578
922,13628871,302,F3E-797,DRN-0578,13/01/2020,13628871_302_F3E-797_DRN-0578
3,15029228,102,C0P-895,DRN-0003,27/09/2020,15029228_102_C0P-895_DRN-0003
487,15029228,102,C0P-895,DRN-0487,10/07/2020,15029228_102_C0P-895_DRN-0487
884,15029228,102,C0P-895,DRN-0487,10/07/2020,15029228_102_C0P-895_DRN-0487
183,15029228,133,N0Z-560,DRN-0183,28/11/2020,15029228_133_N0Z-560_DRN-0183
289,15029228,145,J0Q-121,DRN-0289,22/12/2020,15029228_145_J0Q-121_DRN-0289
811,15029228,145,J0Q-121,DRN-0289,22/12/2020,15029228_145_J0Q-121_DRN-0289
515,15029228,154,J0Q-121,DRN-0515,27/11/2020,15029228_154_J0Q-121_DRN-0515
775,15029228,154,J0Q-121,DRN-0515,27/11/2020,15029228_154_J0Q-121_DRN-0515
260,15029228,328,J0Q-121,DRN-0260,22/04/2020,15029228_328_J0Q-121_DRN-0260
867,15029228,328,J0Q-121,DRN-0260,22/04/2020,15029228_328_J0Q-121_DRN-0260
47,15029228,331,J0Q-121,DRN-0047,6/11/2020,15029228_331_J0Q-121_DRN-0047
526,15559308,105,S3L-803,DRN-0526,13/08/2020,15559308_105_S3L-803_DRN-0526
940,15559308,105,S3L-803,DRN-0526,13/08/2020,15559308_105_S3L-803_DRN-0526
453,15559308,110,X6O-905,DRN-0453,21/06/2020,15559308_110_X6O-905_DRN-0453
120,15559308,133,X6O-905,DRN-0120,7/03/2020,15559308_133_X6O-905_DRN-0120
45,15559308,148,T8F-368,DRN-0045,31/08/2020,15559308_148_T8F-368_DRN-0045
98,15559308,148,T8F-368,DRN-0098,8/11/2020,15559308_148_T8F-368_DRN-0098
262,15559308,148,T8F-368,DRN-0262,9/10/2020,15559308_148_T8F-368_DRN-0262
552,15559308,305,S3L-803,DRN-0552,21/08/2020,15559308_305_S3L-803_DRN-0552
931,15559308,305,S3L-803,DRN-0552,21/08/2020,15559308_305_S3L-803_DRN-0552
374,15559308,309,X6O-905,DRN-0374,9/03/2020,15559308_309_X6O-905_DRN-0374
500,16136330,108,E3U-231,DRN-0500,17/09/2020,16136330_108_E3U-231_DRN-0500
953,16136330,108,E3U-231,DRN-0500,17/09/2020,16136330_108_E3U-231_DRN-0500
401,16136330,126,E3U-231,DRN-0401,14/07/2020,16136330_126_E3U-231_DRN-0401
643,16136330,314,E3U-231,DRN-0643,13/06/2020,16136330_314_E3U-231_DRN-0643
667,16136330,314,E3U-231,DRN-0643,13/06/2020,16136330_314_E3U-231_DRN-0643
8,16477908,123,X9D-758,DRN-0008,18/03/2020,16477908_123_X9D-758_DRN-0008
420,16477908,126,W7C-957,DRN-0420,29/07/2020,16477908_126_W7C-957_DRN-0420
716,16477908,126,W7C-957,DRN-0420,29/07/2020,16477908_126_W7C-957_DRN-0420
48,16477908,323,I0E-459,DRN-0048,10/10/2020,16477908_323_I0E-459_DRN-0048
317,16477908,338,I0E-459,DRN-0317,14/08/2020,16477908_338_I0E-459_DRN-0317
475,16925690,107,F3F-478,DRN-0475,27/11/2020,16925690_107_F3F-478_DRN-0475
39,16925690,128,B4I-014,DRN-0039,10/07/2020,16925690_128_B4I-014_DRN-0039
725,16925690,128,B4I-014,DRN-0039,10/07/2020,16925690_128_B4I-014_DRN-0039
53,16925690,128,F3F-478,DRN-0053,12/02/2020,16925690_128_F3F-478_DRN-0053
38,16925690,143,R7N-113,DRN-0038,14/08/2020,16925690_143_R7N-113_DRN-0038
261,16925690,143,R7N-113,DRN-0261,11/04/2020,16925690_143_R7N-113_DRN-0261
912,16925690,143,R7N-113,DRN-0261,11/04/2020,16925690_143_R7N-113_DRN-0261
354,16925690,143,R7N-113,DRN-0354,22/07/2020,16925690_143_R7N-113_DRN-0354
872,16925690,143,R7N-113,DRN-0354,22/07/2020,16925690_143_R7N-113_DRN-0354
505,16925690,143,R7N-113,DRN-0505,14/02/2020,16925690_143_R7N-113_DRN-0505
587,16925690,308,R7N-113,DRN-0587,17/08/2020,16925690_308_R7N-113_DRN-0587
18,16925690,332,R7N-113,DRN-0018,27/12/2020,16925690_332_R7N-113_DRN-0018
902,16925690,332,R7N-113,DRN-0018,27/12/2020,16925690_332_R7N-113_DRN-0018
67,19568447,137,D8R-235,DRN-0067,20/08/2020,19568447_137_D8R-235_DRN-0067
357,19568447,138,O7W-705,DRN-0357,21/10/2020,19568447_138_O7W-705_DRN-0357
963,19568447,138,O7W-705,DRN-0357,21/10/2020,19568447_138_O7W-705_DRN-0357
390,19963454,109,H8A-390,DRN-0390,15/06/2020,19963454_109_H8A-390_DRN-0390
252,19963454,131,X9O-440,DRN-0252,26/06/2020,19963454_131_X9O-440_DRN-0252
355,19963454,131,X9O-440,DRN-0355,25/02/2020,19963454_131_X9O-440_DRN-0355
946,19963454,131,X9O-440,DRN-0355,25/02/2020,19963454_131_X9O-440_DRN-0355
597,19963454,131,X9O-440,DRN-0597,19/10/2020,19963454_131_X9O-440_DRN-0597
837,19963454,131,X9O-440,DRN-0597,19/10/2020,19963454_131_X9O-440_DRN-0597
245,19963454,150,D9A-711,DRN-0245,22/09/2020,19963454_150_D9A-711_DRN-0245
947,19963454,150,D9A-711,DRN-0245,22/09/2020,19963454_150_D9A-711_DRN-0245
165,19963454,307,X9O-440,DRN-0165,30/01/2020,19963454_307_X9O-440_DRN-0165
690,19963454,307,X9O-440,DRN-0165,30/01/2020,19963454_307_X9O-440_DRN-0165
247,19963454,314,D9A-711,DRN-0247,24/01/2020,19963454_314_D9A-711_DRN-0247
665,19963454,314,D9A-711,DRN-0247,24/01/2020,19963454_314_D9A-711_DRN-0247
197,19963454,330,D9A-711,DRN-0197,21/08/2020,19963454_330_D9A-711_DRN-0197
472,19963454,334,X9O-440,DRN-0472,24/09/2020,19963454_334_X9O-440_DRN-0472
234,19963454,336,H8A-390,DRN-0234,6/10/2020,19963454_336_H8A-390_DRN-0234
839,19963454,336,H8A-390,DRN-0234,6/10/2020,19963454_336_H8A-390_DRN-0234
637,21621497,120,R5I-860,DRN-0637,5/05/2020,21621497_120_R5I-860_DRN-0637
650,21621497,120,R5I-860,DRN-0637,5/05/2020,21621497_120_R5I-860_DRN-0637
132,21621497,136,R5I-860,DRN-0132,11/01/2020,21621497_136_R5I-860_DRN-0132
766,21621497,136,R5I-860,DRN-0132,11/01/2020,21621497_136_R5I-860_DRN-0132
304,21621497,320,D6W-048,DRN-0304,3/05/2020,21621497_320_D6W-048_DRN-0304
919,21621497,320,D6W-048,DRN-0304,3/05/2020,21621497_320_D6W-048_DRN-0304
454,24859596,101,A8P-118,DRN-0454,26/02/2020,24859596_101_A8P-118_DRN-0454
102,24859596,153,A8P-118,DRN-0102,29/12/2020,24859596_153_A8P-118_DRN-0102
230,24859596,312,B8B-326,DRN-0230,2/11/2020,24859596_312_B8B-326_DRN-0230
352,24859596,329,L6D-758,DRN-0352,5/05/2020,24859596_329_L6D-758_DRN-0352
5,24859596,331,A8P-118,DRN-0005,7/09/2020,24859596_331_A8P-118_DRN-0005
1,25518120,118,E1J-798,DRN-0001,14/07/2020,25518120_118_E1J-798_DRN-0001
411,25518120,123,U1X-768,DRN-0411,19/01/2020,25518120_123_U1X-768_DRN-0411
723,25518120,123,U1X-768,DRN-0411,19/01/2020,25518120_123_U1X-768_DRN-0411
635,25518120,145,E1J-798,DRN-0635,8/11/2020,25518120_145_E1J-798_DRN-0635
851,25518120,145,E1J-798,DRN-0635,8/11/2020,25518120_145_E1J-798_DRN-0635
327,25518120,205,F2C-703,DRN-0327,6/12/2020,25518120_205_F2C-703_DRN-0327
970,25518120,205,F2C-703,DRN-0327,6/12/2020,25518120_205_F2C-703_DRN-0327
614,25518120,313,U1X-768,DRN-0614,25/12/2020,25518120_313_U1X-768_DRN-0614
115,25518120,337,E1J-798,DRN-0115,4/06/2020,25518120_337_E1J-798_DRN-0115
461,26522329,123,W7R-114,DRN-0461,9/06/2020,26522329_123_W7R-114_DRN-0461
495,26522329,123,W7R-114,DRN-0495,27/08/2020,26522329_123_W7R-114_DRN-0495
903,26522329,123,W7R-114,DRN-0495,27/08/2020,26522329_123_W7R-114_DRN-0495
561,26522329,146,U5W-825,DRN-0561,13/05/2020,26522329_146_U5W-825_DRN-0561
15,26522329,202,U7R-252,DRN-0015,9/06/2020,26522329_202_U7R-252_DRN-0015
877,26522329,202,U7R-252,DRN-0015,9/06/2020,26522329_202_U7R-252_DRN-0015
460,26522329,338,W7R-114,DRN-0460,6/04/2020,26522329_338_W7R-114_DRN-0460
334,26522329,339,W7R-114,DRN-0334,5/02/2020,26522329_339_W7R-114_DRN-0334
770,26522329,339,W7R-114,DRN-0334,5/02/2020,26522329_339_W7R-114_DRN-0334
40,27185429,125,U3F-754,DRN-0040,2/02/2020,27185429_125_U3F-754_DRN-0040
425,27185429,134,U3F-754,DRN-0425,5/06/2020,27185429_134_U3F-754_DRN-0425
784,27185429,134,U3F-754,DRN-0425,5/06/2020,27185429_134_U3F-754_DRN-0425
190,27185429,165,S9I-160,DRN-0190,13/06/2020,27185429_165_S9I-160_DRN-0190
967,27185429,165,S9I-160,DRN-0190,13/06/2020,27185429_165_S9I-160_DRN-0190
118,27185429,337,U3F-754,DRN-0118,27/02/2020,27185429_337_U3F-754_DRN-0118
753,27185429,337,U3F-754,DRN-0118,27/02/2020,27185429_337_U3F-754_DRN-0118
6,27864822,125,S3D-133,DRN-0006,8/03/2020,27864822_125_S3D-133_DRN-0006
728,27864822,125,S3D-133,DRN-0006,8/03/2020,27864822_125_S3D-133_DRN-0006
320,27864822,125,T9U-338,DRN-0320,22/02/2020,27864822_125_T9U-338_DRN-0320
791,27864822,125,T9U-338,DRN-0320,22/02/2020,27864822_125_T9U-338_DRN-0320
270,27864822,141,R5C-239,DRN-0270,2/08/2020,27864822_141_R5C-239_DRN-0270
297,27864822,145,S3D-133,DRN-0297,21/01/2020,27864822_145_S3D-133_DRN-0297
469,27864822,158,S3D-133,DRN-0469,18/01/2020,27864822_158_S3D-133_DRN-0469
331,27864822,202,R5C-239,DRN-0331,16/07/2020,27864822_202_R5C-239_DRN-0331
764,27864822,202,R5C-239,DRN-0331,16/07/2020,27864822_202_R5C-239_DRN-0331
376,27864822,202,R5C-239,DRN-0376,25/03/2020,27864822_202_R5C-239_DRN-0376
150,27864822,204,T9U-338,DRN-0150,22/05/2020,27864822_204_T9U-338_DRN-0150
220,28820944,104,H2K-127,DRN-0220,8/06/2020,28820944_104_H2K-127_DRN-0220
651,28820944,104,H2K-127,DRN-0220,8/06/2020,28820944_104_H2K-127_DRN-0220
438,28820944,138,H2K-127,DRN-0438,2/03/2020,28820944_138_H2K-127_DRN-0438
254,28820944,154,H2K-127,DRN-0254,24/09/2020,28820944_154_H2K-127_DRN-0254
564,28820944,329,H2K-127,DRN-0564,15/05/2020,28820944_329_H2K-127_DRN-0564
448,29833157,102,S2N-896,DRN-0448,14/05/2020,29833157_102_S2N-896_DRN-0448
744,29833157,102,S2N-896,DRN-0448,14/05/2020,29833157_102_S2N-896_DRN-0448
232,29833157,109,S2N-896,DRN-0232,5/06/2020,29833157_109_S2N-896_DRN-0232
372,29833157,110,I5K-310,DRN-0372,3/09/2020,29833157_110_I5K-310_DRN-0372
329,29833157,134,S2N-896,DRN-0329,29/01/2020,29833157_134_S2N-896_DRN-0329
809,29833157,134,S2N-896,DRN-0329,29/01/2020,29833157_134_S2N-896_DRN-0329
52,29833157,157,I5K-310,DRN-0052,6/04/2020,29833157_157_I5K-310_DRN-0052
193,29833157,159,I9F-484,DRN-0193,20/05/2020,29833157_159_I9F-484_DRN-0193
272,29833157,302,I9F-484,DRN-0272,4/10/2020,29833157_302_I9F-484_DRN-0272
950,29833157,302,I9F-484,DRN-0272,4/10/2020,29833157_302_I9F-484_DRN-0272
33,29833157,307,I5K-310,DRN-0033,4/04/2020,29833157_307_I5K-310_DRN-0033
885,29833157,307,I5K-310,DRN-0033,4/04/2020,29833157_307_I5K-310_DRN-0033
237,29833157,312,I5K-310,DRN-0237,1/02/2020,29833157_312_I5K-310_DRN-0237
479,29833157,319,I5K-310,DRN-0479,17/03/2020,29833157_319_I5K-310_DRN-0479
683,29833157,319,I5K-310,DRN-0479,17/03/2020,29833157_319_I5K-310_DRN-0479
594,29989682,127,B1J-773,DRN-0594,27/03/2020,29989682_127_B1J-773_DRN-0594
678,29989682,127,B1J-773,DRN-0594,27/03/2020,29989682_127_B1J-773_DRN-0594
525,29989682,139,W1V-221,DRN-0525,17/10/2020,29989682_139_W1V-221_DRN-0525
236,29989682,149,B1J-773,DRN-0236,17/09/2020,29989682_149_B1J-773_DRN-0236
838,29989682,149,B1J-773,DRN-0236,17/09/2020,29989682_149_B1J-773_DRN-0236
180,29989682,158,W3T-571,DRN-0180,19/04/2020,29989682_158_W3T-571_DRN-0180
972,29989682,158,W3T-571,DRN-0180,19/04/2020,29989682_158_W3T-571_DRN-0180
343,29989682,162,W1V-221,DRN-0343,5/12/2020,29989682_162_W1V-221_DRN-0343
458,29989682,206,B1J-773,DRN-0458,2/01/2020,29989682_206_B1J-773_DRN-0458
213,29989682,310,B1J-773,DRN-0213,5/03/2020,29989682_310_B1J-773_DRN-0213
813,29989682,310,B1J-773,DRN-0213,5/03/2020,29989682_310_B1J-773_DRN-0213
255,29989682,322,B1J-773,DRN-0255,23/11/2020,29989682_322_B1J-773_DRN-0255
964,29989682,322,B1J-773,DRN-0255,23/11/2020,29989682_322_B1J-773_DRN-0255
409,29989682,324,B1J-773,DRN-0409,12/03/2020,29989682_324_B1J-773_DRN-0409
879,29989682,324,B1J-773,DRN-0409,12/03/2020,29989682_324_B1J-773_DRN-0409
315,29989682,326,W3T-571,DRN-0315,27/07/2020,29989682_326_W3T-571_DRN-0315
28,29989682,335,W3T-571,DRN-0028,19/12/2020,29989682_335_W3T-571_DRN-0028
863,29989682,335,W3T-571,DRN-0028,19/12/2020,29989682_335_W3T-571_DRN-0028
467,30046639,131,S3F-021,DRN-0467,4/02/2020,30046639_131_S3F-021_DRN-0467
208,30046639,138,P6I-223,DRN-0208,29/06/2020,30046639_138_P6I-223_DRN-0208
789,30046639,138,P6I-223,DRN-0208,29/06/2020,30046639_138_P6I-223_DRN-0208
68,30046639,144,L8F-459,DRN-0068,30/03/2020,30046639_144_L8F-459_DRN-0068
873,30046639,144,L8F-459,DRN-0068,30/03/2020,30046639_144_L8F-459_DRN-0068
49,30046639,146,S3F-021,DRN-0049,13/04/2020,30046639_146_S3F-021_DRN-0049
722,30046639,146,S3F-021,DRN-0049,13/04/2020,30046639_146_S3F-021_DRN-0049
353,30046639,154,S3F-021,DRN-0353,11/05/2020,30046639_154_S3F-021_DRN-0353
765,30046639,154,S3F-021,DRN-0353,11/05/2020,30046639_154_S3F-021_DRN-0353
182,30046639,162,L8F-459,DRN-0182,14/10/2020,30046639_162_L8F-459_DRN-0182
899,30046639,162,L8F-459,DRN-0182,14/10/2020,30046639_162_L8F-459_DRN-0182
166,30046639,204,P6I-223,DRN-0166,15/09/2020,30046639_204_P6I-223_DRN-0166
292,30046639,205,P6I-223,DRN-0292,16/11/2020,30046639_205_P6I-223_DRN-0292
698,30046639,205,P6I-223,DRN-0292,16/11/2020,30046639_205_P6I-223_DRN-0292
608,30046639,315,L8F-459,DRN-0608,14/07/2020,30046639_315_L8F-459_DRN-0608
731,30046639,315,L8F-459,DRN-0608,14/07/2020,30046639_315_L8F-459_DRN-0608
344,30046639,319,L8F-459,DRN-0344,25/11/2020,30046639_319_L8F-459_DRN-0344
747,30046639,319,L8F-459,DRN-0344,25/11/2020,30046639_319_L8F-459_DRN-0344
591,30441350,125,M9Z-497,DRN-0591,7/05/2020,30441350_125_M9Z-497_DRN-0591
435,30441350,139,M9Z-497,DRN-0435,7/05/2020,30441350_139_M9Z-497_DRN-0435
142,30441350,153,Q6Q-335,DRN-0142,14/10/2020,30441350_153_Q6Q-335_DRN-0142
935,30441350,153,Q6Q-335,DRN-0142,14/10/2020,30441350_153_Q6Q-335_DRN-0142
600,30441350,154,M9Z-497,DRN-0600,16/04/2020,30441350_154_M9Z-497_DRN-0600
100,30441350,154,T7F-869,DRN-0100,19/02/2020,30441350_154_T7F-869_DRN-0100
11,30441350,158,M9Z-497,DRN-0011,17/03/2020,30441350_158_M9Z-497_DRN-0011
820,30441350,158,M9Z-497,DRN-0011,17/03/2020,30441350_158_M9Z-497_DRN-0011
645,30441350,207,X0F-315,DRN-0645,13/09/2020,30441350_207_X0F-315_DRN-0645
700,30441350,207,X0F-315,DRN-0645,13/09/2020,30441350_207_X0F-315_DRN-0645
288,30441350,315,M9Z-497,DRN-0288,12/09/2020,30441350_315_M9Z-497_DRN-0288
284,30441350,328,X0F-315,DRN-0284,4/02/2020,30441350_328_X0F-315_DRN-0284
901,30441350,328,X0F-315,DRN-0284,4/02/2020,30441350_328_X0F-315_DRN-0284
522,30441350,331,X0F-315,DRN-0522,8/03/2020,30441350_331_X0F-315_DRN-0522
865,30441350,331,X0F-315,DRN-0522,8/03/2020,30441350_331_X0F-315_DRN-0522
333,31107104,101,E0I-722,DRN-0333,15/06/2020,31107104_101_E0I-722_DRN-0333
780,31107104,101,E0I-722,DRN-0333,15/06/2020,31107104_101_E0I-722_DRN-0333
485,31107104,122,O3T-110,DRN-0485,26/05/2020,31107104_122_O3T-110_DRN-0485
79,31107104,148,E0I-722,DRN-0079,8/01/2020,31107104_148_E0I-722_DRN-0079
833,31107104,148,E0I-722,DRN-0079,8/01/2020,31107104_148_E0I-722_DRN-0079
322,31107104,158,O3T-110,DRN-0322,29/01/2020,31107104_158_O3T-110_DRN-0322
727,31107104,158,O3T-110,DRN-0322,29/01/2020,31107104_158_O3T-110_DRN-0322
121,31205866,166,U6A-456,DRN-0121,24/02/2020,31205866_166_U6A-456_DRN-0121
139,31205866,166,U6A-456,DRN-0139,5/04/2020,31205866_166_U6A-456_DRN-0139
202,31205866,166,U6A-456,DRN-0202,17/02/2020,31205866_166_U6A-456_DRN-0202
295,32090869,162,L4B-291,DRN-0295,3/08/2020,32090869_162_L4B-291_DRN-0295
34,32090869,166,L4B-291,DRN-0034,1/08/2020,32090869_166_L4B-291_DRN-0034
596,32090869,312,L4B-291,DRN-0596,27/01/2020,32090869_312_L4B-291_DRN-0596
533,32244565,101,J1E-736,DRN-0533,24/05/2020,32244565_101_J1E-736_DRN-0533
434,32244565,108,K4F-319,DRN-0434,11/12/2020,32244565_108_K4F-319_DRN-0434
513,32244565,111,M8W-853,DRN-0513,19/11/2020,32244565_111_M8W-853_DRN-0513
584,32244565,125,W9L-468,DRN-0584,6/02/2020,32244565_125_W9L-468_DRN-0584
828,32244565,125,W9L-468,DRN-0584,6/02/2020,32244565_125_W9L-468_DRN-0584
206,32244565,131,J1E-736,DRN-0206,21/07/2020,32244565_131_J1E-736_DRN-0206
595,32244565,149,J1E-736,DRN-0595,21/11/2020,32244565_149_J1E-736_DRN-0595
394,32244565,160,J1E-736,DRN-0394,2/08/2020,32244565_160_J1E-736_DRN-0394
607,32244565,162,M8W-853,DRN-0607,14/07/2020,32244565_162_M8W-853_DRN-0607
660,32244565,162,M8W-853,DRN-0607,14/07/2020,32244565_162_M8W-853_DRN-0607
50,32244565,315,J1E-736,DRN-0050,7/07/2020,32244565_315_J1E-736_DRN-0050
544,32244565,315,J1E-736,DRN-0544,21/10/2020,32244565_315_J1E-736_DRN-0544
585,32244565,315,J1E-736,DRN-0585,13/11/2020,32244565_315_J1E-736_DRN-0585
908,32244565,315,J1E-736,DRN-0585,13/11/2020,32244565_315_J1E-736_DRN-0585
437,32244565,315,K4F-319,DRN-0437,5/02/2020,32244565_315_K4F-319_DRN-0437
830,32244565,315,K4F-319,DRN-0437,5/02/2020,32244565_315_K4F-319_DRN-0437
455,32244565,321,K4F-319,DRN-0455,24/01/2020,32244565_321_K4F-319_DRN-0455
550,34248357,112,U0T-459,DRN-0550,21/02/2020,34248357_112_U0T-459_DRN-0550
684,34248357,112,U0T-459,DRN-0550,21/02/2020,34248357_112_U0T-459_DRN-0550
184,34248357,132,H4R-733,DRN-0184,2/07/2020,34248357_132_H4R-733_DRN-0184
864,34248357,132,H4R-733,DRN-0184,2/07/2020,34248357_132_H4R-733_DRN-0184
310,34248357,149,U0T-459,DRN-0310,26/04/2020,34248357_149_U0T-459_DRN-0310
713,34248357,149,U0T-459,DRN-0310,26/04/2020,34248357_149_U0T-459_DRN-0310
558,34248357,151,H4R-733,DRN-0558,14/02/2020,34248357_151_H4R-733_DRN-0558
717,34248357,151,H4R-733,DRN-0558,14/02/2020,34248357_151_H4R-733_DRN-0558
146,34248357,155,R7N-062,DRN-0146,15/06/2020,34248357_155_R7N-062_DRN-0146
477,34248357,158,S5E-231,DRN-0477,29/02/2020,34248357_158_S5E-231_DRN-0477
959,34248357,158,S5E-231,DRN-0477,29/02/2020,34248357_158_S5E-231_DRN-0477
26,34248357,313,H4R-733,DRN-0026,10/01/2020,34248357_313_H4R-733_DRN-0026
414,34248357,314,R7N-062,DRN-0414,1/05/2020,34248357_314_R7N-062_DRN-0414
392,34248357,314,S5E-231,DRN-0392,8/05/2020,34248357_314_S5E-231_DRN-0392
478,34248357,319,H4R-733,DRN-0478,25/05/2020,34248357_319_H4R-733_DRN-0478
923,34248357,319,H4R-733,DRN-0478,25/05/2020,34248357_319_H4R-733_DRN-0478
117,34248357,320,U0T-459,DRN-0117,20/12/2020,34248357_320_U0T-459_DRN-0117
882,34248357,320,U0T-459,DRN-0117,20/12/2020,34248357_320_U0T-459_DRN-0117
464,34248357,328,H4R-733,DRN-0464,22/07/2020,34248357_328_H4R-733_DRN-0464
672,34248357,328,H4R-733,DRN-0464,22/07/2020,34248357_328_H4R-733_DRN-0464
345,34976629,144,I0Y-720,DRN-0345,10/02/2020,34976629_144_I0Y-720_DRN-0345
548,34976629,145,I0Y-720,DRN-0548,3/04/2020,34976629_145_I0Y-720_DRN-0548
141,34976629,150,J8B-303,DRN-0141,8/05/2020,34976629_150_J8B-303_DRN-0141
936,34976629,150,J8B-303,DRN-0141,8/05/2020,34976629_150_J8B-303_DRN-0141
378,34976629,165,I0Y-720,DRN-0378,16/12/2020,34976629_165_I0Y-720_DRN-0378
486,34976629,206,J8B-303,DRN-0486,29/09/2020,34976629_206_J8B-303_DRN-0486
806,34976629,206,J8B-303,DRN-0486,29/09/2020,34976629_206_J8B-303_DRN-0486
244,34976629,310,J8B-303,DRN-0244,7/07/2020,34976629_310_J8B-303_DRN-0244
778,34976629,310,J8B-303,DRN-0244,7/07/2020,34976629_310_J8B-303_DRN-0244
209,34976629,320,I0Y-720,DRN-0209,6/01/2020,34976629_320_I0Y-720_DRN-0209
685,34976629,320,I0Y-720,DRN-0209,6/01/2020,34976629_320_I0Y-720_DRN-0209
642,34976629,333,J8B-303,DRN-0642,3/11/2020,34976629_333_J8B-303_DRN-0642
887,34976629,333,J8B-303,DRN-0642,3/11/2020,34976629_333_J8B-303_DRN-0642
367,35297848,122,O7D-970,DRN-0367,26/07/2020,35297848_122_O7D-970_DRN-0367
826,35297848,122,O7D-970,DRN-0367,26/07/2020,35297848_122_O7D-970_DRN-0367
494,35297848,326,O7D-970,DRN-0494,12/11/2020,35297848_326_O7D-970_DRN-0494
719,35297848,326,O7D-970,DRN-0494,12/11/2020,35297848_326_O7D-970_DRN-0494
593,35671623,110,V4E-749,DRN-0593,8/08/2020,35671623_110_V4E-749_DRN-0593
195,35671623,147,P2Q-870,DRN-0195,5/09/2020,35671623_147_P2Q-870_DRN-0195
913,35671623,147,P2Q-870,DRN-0195,5/09/2020,35671623_147_P2Q-870_DRN-0195
543,35671623,161,V4E-749,DRN-0543,3/04/2020,35671623_161_V4E-749_DRN-0543
253,35671623,305,V4E-749,DRN-0253,21/05/2020,35671623_305_V4E-749_DRN-0253
189,35671623,307,K0T-350,DRN-0189,9/08/2020,35671623_307_K0T-350_DRN-0189
556,35671623,328,V4E-749,DRN-0556,22/02/2020,35671623_328_V4E-749_DRN-0556
532,35683701,105,D5W-953,DRN-0532,16/05/2020,35683701_105_D5W-953_DRN-0532
827,35683701,105,D5W-953,DRN-0532,16/05/2020,35683701_105_D5W-953_DRN-0532
123,35683701,328,D5W-953,DRN-0123,12/09/2020,35683701_328_D5W-953_DRN-0123
185,35912665,111,O2Z-308,DRN-0185,15/06/2020,35912665_111_O2Z-308_DRN-0185
930,35912665,111,O2Z-308,DRN-0185,15/06/2020,35912665_111_O2Z-308_DRN-0185
173,35912665,157,A6E-125,DRN-0173,12/10/2020,35912665_157_A6E-125_DRN-0173
957,35912665,157,A6E-125,DRN-0173,12/10/2020,35912665_157_A6E-125_DRN-0173
575,35912665,162,A6E-125,DRN-0575,15/07/2020,35912665_162_A6E-125_DRN-0575
131,35912665,162,O4X-500,DRN-0131,17/12/2020,35912665_162_O4X-500_DRN-0131
657,35912665,162,O4X-500,DRN-0131,17/12/2020,35912665_162_O4X-500_DRN-0131
641,35912665,315,O2Z-308,DRN-0641,31/12/2020,35912665_315_O2Z-308_DRN-0641
640,35912665,335,O4X-500,DRN-0640,11/06/2020,35912665_335_O4X-500_DRN-0640
933,35912665,335,O4X-500,DRN-0640,11/06/2020,35912665_335_O4X-500_DRN-0640
285,35912665,341,O4X-500,DRN-0285,3/11/2020,35912665_341_O4X-500_DRN-0285
94,36079131,166,I0W-872,DRN-0094,26/01/2020,36079131_166_I0W-872_DRN-0094
971,36079131,166,I0W-872,DRN-0094,26/01/2020,36079131_166_I0W-872_DRN-0094
540,36079131,203,I0W-872,DRN-0540,13/10/2020,36079131_203_I0W-872_DRN-0540
915,36079131,203,I0W-872,DRN-0540,13/10/2020,36079131_203_I0W-872_DRN-0540
175,36079131,328,V4S-057,DRN-0175,10/07/2020,36079131_328_V4S-057_DRN-0175
628,37080813,124,P7E-145,DRN-0628,5/05/2020,37080813_124_P7E-145_DRN-0628
560,37080813,145,O9W-355,DRN-0560,10/02/2020,37080813_145_O9W-355_DRN-0560
77,37080813,149,P7E-145,DRN-0077,4/02/2020,37080813_149_P7E-145_DRN-0077
760,37080813,149,P7E-145,DRN-0077,4/02/2020,37080813_149_P7E-145_DRN-0077
205,37080813,204,O9W-355,DRN-0205,13/05/2020,37080813_204_O9W-355_DRN-0205
463,37080813,312,P7E-145,DRN-0463,8/06/2020,37080813_312_P7E-145_DRN-0463
861,37080813,312,P7E-145,DRN-0463,8/06/2020,37080813_312_P7E-145_DRN-0463
403,37080813,339,O9W-355,DRN-0403,30/08/2020,37080813_339_O9W-355_DRN-0403
496,38862473,108,I4B-541,DRN-0496,1/06/2020,38862473_108_I4B-541_DRN-0496
405,38862473,129,S6Y-726,DRN-0405,31/03/2020,38862473_129_S6Y-726_DRN-0405
910,38862473,129,S6Y-726,DRN-0405,31/03/2020,38862473_129_S6Y-726_DRN-0405
188,38862473,135,I4B-541,DRN-0188,7/08/2020,38862473_135_I4B-541_DRN-0188
876,38862473,135,I4B-541,DRN-0188,7/08/2020,38862473_135_I4B-541_DRN-0188
536,38862473,141,S6Y-726,DRN-0536,22/12/2020,38862473_141_S6Y-726_DRN-0536
603,38862473,318,K3B-165,DRN-0603,20/08/2020,38862473_318_K3B-165_DRN-0603
739,38862473,318,K3B-165,DRN-0603,20/08/2020,38862473_318_K3B-165_DRN-0603
599,38862473,325,S6Y-726,DRN-0599,29/03/2020,38862473_325_S6Y-726_DRN-0599
80,39244942,103,N5Y-450,DRN-0080,15/07/2020,39244942_103_N5Y-450_DRN-0080
140,39244942,136,N5Y-450,DRN-0140,19/08/2020,39244942_136_N5Y-450_DRN-0140
812,39244942,136,N5Y-450,DRN-0140,19/08/2020,39244942_136_N5Y-450_DRN-0140
588,39544560,115,Y0K-784,DRN-0588,19/05/2020,39544560_115_Y0K-784_DRN-0588
428,39544560,313,N4J-043,DRN-0428,11/01/2020,39544560_313_N4J-043_DRN-0428
652,39544560,313,N4J-043,DRN-0428,11/01/2020,39544560_313_N4J-043_DRN-0428
621,39544560,316,N4J-043,DRN-0621,12/11/2020,39544560_316_N4J-043_DRN-0621
482,39544560,332,Y0K-784,DRN-0482,7/07/2020,39544560_332_Y0K-784_DRN-0482
874,39544560,332,Y0K-784,DRN-0482,7/07/2020,39544560_332_Y0K-784_DRN-0482
567,39544560,341,Y0K-784,DRN-0567,19/07/2020,39544560_341_Y0K-784_DRN-0567
122,42956681,143,E0L-862,DRN-0122,2/04/2020,42956681_143_E0L-862_DRN-0122
396,42956681,155,E0L-862,DRN-0396,25/12/2020,42956681_155_E0L-862_DRN-0396
890,42956681,155,E0L-862,DRN-0396,25/12/2020,42956681_155_E0L-862_DRN-0396
69,42956681,322,L8Z-555,DRN-0069,3/12/2020,42956681_322_L8Z-555_DRN-0069
668,42956681,322,L8Z-555,DRN-0069,3/12/2020,42956681_322_L8Z-555_DRN-0069
619,42956681,332,A6D-661,DRN-0619,2/03/2020,42956681_332_A6D-661_DRN-0619
772,42956681,332,A6D-661,DRN-0619,2/03/2020,42956681_332_A6D-661_DRN-0619
337,43454884,119,G0F-080,DRN-0337,19/09/2020,43454884_119_G0F-080_DRN-0337
119,43454884,150,P6Z-734,DRN-0119,24/07/2020,43454884_150_P6Z-734_DRN-0119
312,43454884,152,P6Z-734,DRN-0312,17/10/2020,43454884_152_P6Z-734_DRN-0312
734,43454884,152,P6Z-734,DRN-0312,17/10/2020,43454884_152_P6Z-734_DRN-0312
492,43454884,324,P6Z-734,DRN-0492,6/08/2020,43454884_324_P6Z-734_DRN-0492
21,44188994,137,M0X-657,DRN-0021,17/03/2020,44188994_137_M0X-657_DRN-0021
204,44188994,159,M0X-657,DRN-0204,26/06/2020,44188994_159_M0X-657_DRN-0204
726,44188994,159,M0X-657,DRN-0204,26/06/2020,44188994_159_M0X-657_DRN-0204
218,44188994,304,R2L-600,DRN-0218,4/08/2020,44188994_304_R2L-600_DRN-0218
724,44188994,304,R2L-600,DRN-0218,4/08/2020,44188994_304_R2L-600_DRN-0218
219,44188994,306,R2L-600,DRN-0219,19/10/2020,44188994_306_R2L-600_DRN-0219
63,44346371,137,S4J-282,DRN-0063,15/12/2020,44346371_137_S4J-282_DRN-0063
671,44346371,137,S4J-282,DRN-0063,15/12/2020,44346371_137_S4J-282_DRN-0063
291,45043076,134,S7E-946,DRN-0291,2/01/2020,45043076_134_S7E-946_DRN-0291
785,45043076,134,S7E-946,DRN-0291,2/01/2020,45043076_134_S7E-946_DRN-0291
447,45043076,134,S7E-946,DRN-0447,4/10/2020,45043076_134_S7E-946_DRN-0447
711,45043076,134,S7E-946,DRN-0447,4/10/2020,45043076_134_S7E-946_DRN-0447
27,45043076,145,S7E-946,DRN-0027,5/08/2020,45043076_145_S7E-946_DRN-0027
452,45043076,146,R1T-735,DRN-0452,17/08/2020,45043076_146_R1T-735_DRN-0452
945,45043076,146,R1T-735,DRN-0452,17/08/2020,45043076_146_R1T-735_DRN-0452
256,45043076,149,S7E-946,DRN-0256,6/12/2020,45043076_149_S7E-946_DRN-0256
841,45043076,149,S7E-946,DRN-0256,6/12/2020,45043076_149_S7E-946_DRN-0256
149,45043076,154,I1D-713,DRN-0149,19/07/2020,45043076_154_I1D-713_DRN-0149
926,45043076,154,I1D-713,DRN-0149,19/07/2020,45043076_154_I1D-713_DRN-0149
391,45043076,318,R1T-735,DRN-0391,29/10/2020,45043076_318_R1T-735_DRN-0391
498,45043076,328,R1T-735,DRN-0498,24/04/2020,45043076_328_R1T-735_DRN-0498
298,45043076,334,R1T-735,DRN-0298,23/02/2020,45043076_334_R1T-735_DRN-0298
948,45043076,334,R1T-735,DRN-0298,23/02/2020,45043076_334_R1T-735_DRN-0298
436,47528229,130,T8Y-354,DRN-0436,18/05/2020,47528229_130_T8Y-354_DRN-0436
878,47528229,130,T8Y-354,DRN-0436,18/05/2020,47528229_130_T8Y-354_DRN-0436
30,47528229,146,U0N-343,DRN-0030,5/12/2020,47528229_146_U0N-343_DRN-0030
704,47528229,146,U0N-343,DRN-0030,5/12/2020,47528229_146_U0N-343_DRN-0030
227,47528229,158,G8O-154,DRN-0227,27/11/2020,47528229_158_G8O-154_DRN-0227
835,47528229,158,G8O-154,DRN-0227,27/11/2020,47528229_158_G8O-154_DRN-0227
25,47528229,161,U0N-343,DRN-0025,13/06/2020,47528229_161_U0N-343_DRN-0025
942,47528229,161,U0N-343,DRN-0025,13/06/2020,47528229_161_U0N-343_DRN-0025
361,47528229,312,G8O-154,DRN-0361,2/03/2020,47528229_312_G8O-154_DRN-0361
347,47844324,150,F1H-328,DRN-0347,3/08/2020,47844324_150_F1H-328_DRN-0347
325,47844324,208,F1H-328,DRN-0325,28/03/2020,47844324_208_F1H-328_DRN-0325
240,48450395,106,G1P-591,DRN-0240,22/04/2020,48450395_106_G1P-591_DRN-0240
203,48450395,147,G1P-591,DRN-0203,22/02/2020,48450395_147_G1P-591_DRN-0203
856,48450395,147,G1P-591,DRN-0203,22/02/2020,48450395_147_G1P-591_DRN-0203
511,48450395,147,Q5S-871,DRN-0511,13/05/2020,48450395_147_Q5S-871_DRN-0511
687,48450395,147,Q5S-871,DRN-0511,13/05/2020,48450395_147_Q5S-871_DRN-0511
451,48450395,317,H6H-085,DRN-0451,12/03/2020,48450395_317_H6H-085_DRN-0451
943,48450395,317,H6H-085,DRN-0451,12/03/2020,48450395_317_H6H-085_DRN-0451
210,48450395,331,G1P-591,DRN-0210,29/12/2020,48450395_331_G1P-591_DRN-0210
688,48450395,331,G1P-591,DRN-0210,29/12/2020,48450395_331_G1P-591_DRN-0210
137,48450395,339,Q5S-871,DRN-0137,13/08/2020,48450395_339_Q5S-871_DRN-0137
842,48450395,339,Q5S-871,DRN-0137,13/08/2020,48450395_339_Q5S-871_DRN-0137
457,48528209,148,T9L-709,DRN-0457,11/03/2020,48528209_148_T9L-709_DRN-0457
918,48528209,148,T9L-709,DRN-0457,11/03/2020,48528209_148_T9L-709_DRN-0457
399,48528209,153,T9L-709,DRN-0399,23/02/2020,48528209_153_T9L-709_DRN-0399
904,48528209,153,T9L-709,DRN-0399,23/02/2020,48528209_153_T9L-709_DRN-0399
356,48528209,338,T9L-709,DRN-0356,26/05/2020,48528209_338_T9L-709_DRN-0356
850,48528209,338,T9L-709,DRN-0356,26/05/2020,48528209_338_T9L-709_DRN-0356
96,48528209,341,T9L-709,DRN-0096,20/07/2020,48528209_341_T9L-709_DRN-0096
535,48878256,101,G2R-979,DRN-0535,30/09/2020,48878256_101_G2R-979_DRN-0535
750,48878256,101,G2R-979,DRN-0535,30/09/2020,48878256_101_G2R-979_DRN-0535
332,48878256,107,F2F-895,DRN-0332,12/05/2020,48878256_107_F2F-895_DRN-0332
792,48878256,107,F2F-895,DRN-0332,12/05/2020,48878256_107_F2F-895_DRN-0332
368,48878256,115,F2F-895,DRN-0368,7/10/2020,48878256_115_F2F-895_DRN-0368
314,48878256,115,Z4L-514,DRN-0314,23/01/2020,48878256_115_Z4L-514_DRN-0314
293,48878256,202,W6Z-142,DRN-0293,4/09/2020,48878256_202_W6Z-142_DRN-0293
590,48878256,203,W6Z-142,DRN-0590,3/03/2020,48878256_203_W6Z-142_DRN-0590
359,48878256,312,G2R-979,DRN-0359,31/08/2020,48878256_312_G2R-979_DRN-0359
632,48878256,328,W6Z-142,DRN-0632,30/05/2020,48878256_328_W6Z-142_DRN-0632
527,49428502,125,C0A-114,DRN-0527,9/04/2020,49428502_125_C0A-114_DRN-0527
822,49428502,125,C0A-114,DRN-0527,9/04/2020,49428502_125_C0A-114_DRN-0527
612,49428502,126,C0A-114,DRN-0612,1/03/2020,49428502_126_C0A-114_DRN-0612
299,49927087,112,X3E-271,DRN-0299,12/01/2020,49927087_112_X3E-271_DRN-0299
677,49927087,112,X3E-271,DRN-0299,12/01/2020,49927087_112_X3E-271_DRN-0299
66,49927087,116,G7B-252,DRN-0066,25/09/2020,49927087_116_G7B-252_DRN-0066
819,49927087,116,G7B-252,DRN-0066,25/09/2020,49927087_116_G7B-252_DRN-0066
441,49927087,136,G7B-252,DRN-0441,8/07/2020,49927087_136_G7B-252_DRN-0441
229,49927087,139,X3E-271,DRN-0229,15/07/2020,49927087_139_X3E-271_DRN-0229
308,49927087,155,M8Q-758,DRN-0308,11/05/2020,49927087_155_M8Q-758_DRN-0308
358,49927087,207,X3E-271,DRN-0358,14/03/2020,49927087_207_X3E-271_DRN-0358
144,49927087,208,X3E-271,DRN-0144,15/03/2020,49927087_208_X3E-271_DRN-0144
905,49927087,208,X3E-271,DRN-0144,15/03/2020,49927087_208_X3E-271_DRN-0144
579,49927087,304,M8Q-758,DRN-0579,9/08/2020,49927087_304_M8Q-758_DRN-0579
769,49927087,304,M8Q-758,DRN-0579,9/08/2020,49927087_304_M8Q-758_DRN-0579
559,49927087,326,M8Q-758,DRN-0559,22/04/2020,49927087_326_M8Q-758_DRN-0559
929,49927087,326,M8Q-758,DRN-0559,22/04/2020,49927087_326_M8Q-758_DRN-0559
555,50200823,103,H1E-399,DRN-0555,29/10/2020,50200823_103_H1E-399_DRN-0555
228,50200823,119,H1E-399,DRN-0228,25/06/2020,50200823_119_H1E-399_DRN-0228
897,50200823,119,H1E-399,DRN-0228,25/06/2020,50200823_119_H1E-399_DRN-0228
349,50200823,157,R0P-255,DRN-0349,20/03/2020,50200823_157_R0P-255_DRN-0349
932,50200823,157,R0P-255,DRN-0349,20/03/2020,50200823_157_R0P-255_DRN-0349
170,50200823,306,R0P-255,DRN-0170,25/02/2020,50200823_306_R0P-255_DRN-0170
37,50200823,315,Q6C-943,DRN-0037,14/04/2020,50200823_315_Q6C-943_DRN-0037
427,50201756,105,K5K-595,DRN-0427,15/12/2020,50201756_105_K5K-595_DRN-0427
563,50201756,118,X8O-807,DRN-0563,28/06/2020,50201756_118_X8O-807_DRN-0563
338,50201756,123,X8O-807,DRN-0338,22/08/2020,50201756_123_X8O-807_DRN-0338
906,50201756,123,X8O-807,DRN-0338,22/08/2020,50201756_123_X8O-807_DRN-0338
57,50201756,310,K5K-595,DRN-0057,4/11/2020,50201756_310_K5K-595_DRN-0057
958,50201756,310,K5K-595,DRN-0057,4/11/2020,50201756_310_K5K-595_DRN-0057
108,51395324,202,M4Z-108,DRN-0108,11/09/2020,51395324_202_M4Z-108_DRN-0108
751,51395324,202,M4Z-108,DRN-0108,11/09/2020,51395324_202_M4Z-108_DRN-0108
279,52002275,149,C0S-417,DRN-0279,5/02/2020,52002275_149_C0S-417_DRN-0279
397,52002275,203,C0S-417,DRN-0397,8/02/2020,52002275_203_C0S-417_DRN-0397
17,52002275,320,J8N-930,DRN-0017,23/03/2020,52002275_320_J8N-930_DRN-0017
962,52002275,320,J8N-930,DRN-0017,23/03/2020,52002275_320_J8N-930_DRN-0017
506,52003695,122,H8S-849,DRN-0506,21/09/2020,52003695_122_H8S-849_DRN-0506
442,52003695,124,H8S-849,DRN-0442,30/09/2020,52003695_124_H8S-849_DRN-0442
974,52003695,124,H8S-849,DRN-0442,30/09/2020,52003695_124_H8S-849_DRN-0442
471,52003695,141,H8S-849,DRN-0471,17/03/2020,52003695_141_H8S-849_DRN-0471
160,53374153,104,V7L-069,DRN-0160,24/06/2020,53374153_104_V7L-069_DRN-0160
282,53374153,125,V7L-069,DRN-0282,24/08/2020,53374153_125_V7L-069_DRN-0282
497,53374153,165,R2T-476,DRN-0497,18/11/2020,53374153_165_R2T-476_DRN-0497
702,53374153,165,R2T-476,DRN-0497,18/11/2020,53374153_165_R2T-476_DRN-0497
266,53374153,328,G6I-762,DRN-0266,29/12/2020,53374153_328_G6I-762_DRN-0266
76,53374153,341,G6I-762,DRN-0076,8/08/2020,53374153_341_G6I-762_DRN-0076
693,53374153,341,G6I-762,DRN-0076,8/08/2020,53374153_341_G6I-762_DRN-0076
7,53853385,103,O5L-856,DRN-0007,19/06/2020,53853385_103_O5L-856_DRN-0007
804,53853385,103,O5L-856,DRN-0007,19/06/2020,53853385_103_O5L-856_DRN-0007
294,53853385,110,O5L-856,DRN-0294,22/05/2020,53853385_110_O5L-856_DRN-0294
126,53853385,110,T9X-217,DRN-0126,8/11/2020,53853385_110_T9X-217_DRN-0126
952,53853385,110,T9X-217,DRN-0126,8/11/2020,53853385_110_T9X-217_DRN-0126
199,53853385,121,R6P-267,DRN-0199,7/02/2020,53853385_121_R6P-267_DRN-0199
821,53853385,121,R6P-267,DRN-0199,7/02/2020,53853385_121_R6P-267_DRN-0199
14,53853385,127,T9X-217,DRN-0014,13/10/2020,53853385_127_T9X-217_DRN-0014
601,53853385,140,T9X-217,DRN-0601,6/06/2020,53853385_140_T9X-217_DRN-0601
512,53853385,147,T9X-217,DRN-0512,11/12/2020,53853385_147_T9X-217_DRN-0512
12,53853385,150,R6P-267,DRN-0012,16/01/2020,53853385_150_R6P-267_DRN-0012
941,53853385,150,R6P-267,DRN-0012,16/01/2020,53853385_150_R6P-267_DRN-0012
524,53853385,153,O5L-856,DRN-0524,29/07/2020,53853385_153_O5L-856_DRN-0524
538,53853385,302,T9X-217,DRN-0538,18/08/2020,53853385_302_T9X-217_DRN-0538
582,53853385,306,O5L-856,DRN-0582,15/01/2020,53853385_306_O5L-856_DRN-0582
817,53853385,306,O5L-856,DRN-0582,15/01/2020,53853385_306_O5L-856_DRN-0582
412,53853385,307,O5L-856,DRN-0412,10/01/2020,53853385_307_O5L-856_DRN-0412
889,53853385,307,O5L-856,DRN-0412,10/01/2020,53853385_307_O5L-856_DRN-0412
223,54141214,104,J7Y-327,DRN-0223,14/03/2020,54141214_104_J7Y-327_DRN-0223
75,54141214,114,G2I-709,DRN-0075,21/11/2020,54141214_114_G2I-709_DRN-0075
869,54141214,114,G2I-709,DRN-0075,21/11/2020,54141214_114_G2I-709_DRN-0075
440,54141214,122,G2I-709,DRN-0440,20/09/2020,54141214_122_G2I-709_DRN-0440
714,54141214,122,G2I-709,DRN-0440,20/09/2020,54141214_122_G2I-709_DRN-0440
613,54141214,147,Y9G-536,DRN-0613,9/06/2020,54141214_147_Y9G-536_DRN-0613
848,54141214,147,Y9G-536,DRN-0613,9/06/2020,54141214_147_Y9G-536_DRN-0613
592,54141214,204,J7Y-327,DRN-0592,22/06/2020,54141214_204_J7Y-327_DRN-0592
862,54141214,204,J7Y-327,DRN-0592,22/06/2020,54141214_204_J7Y-327_DRN-0592
510,54141214,316,G2I-709,DRN-0510,28/03/2020,54141214_316_G2I-709_DRN-0510
493,54141214,330,Y9G-536,DRN-0493,20/01/2020,54141214_330_Y9G-536_DRN-0493
431,54141214,336,J7Y-327,DRN-0431,9/07/2020,54141214_336_J7Y-327_DRN-0431
707,54141214,336,J7Y-327,DRN-0431,9/07/2020,54141214_336_J7Y-327_DRN-0431
313,54141214,339,G2I-709,DRN-0313,18/04/2020,54141214_339_G2I-709_DRN-0313
23,54447051,124,G3Y-654,DRN-0023,23/05/2020,54447051_124_G3Y-654_DRN-0023
834,54447051,124,G3Y-654,DRN-0023,23/05/2020,54447051_124_G3Y-654_DRN-0023
577,54447051,130,D5W-773,DRN-0577,25/06/2020,54447051_130_D5W-773_DRN-0577
400,54447051,132,U5L-205,DRN-0400,29/10/2020,54447051_132_U5L-205_DRN-0400
82,54447051,146,G3Y-654,DRN-0082,1/05/2020,54447051_146_G3Y-654_DRN-0082
757,54447051,146,G3Y-654,DRN-0082,1/05/2020,54447051_146_G3Y-654_DRN-0082
321,54447051,165,D5W-773,DRN-0321,25/09/2020,54447051_165_D5W-773_DRN-0321
810,54447051,165,D5W-773,DRN-0321,25/09/2020,54447051_165_D5W-773_DRN-0321
148,54447051,311,G3Y-654,DRN-0148,20/06/2020,54447051_311_G3Y-654_DRN-0148
741,54447051,311,G3Y-654,DRN-0148,20/06/2020,54447051_311_G3Y-654_DRN-0148
339,54447051,341,D5W-773,DRN-0339,31/05/2020,54447051_341_D5W-773_DRN-0339
580,54665716,130,D2V-055,DRN-0580,22/02/2020,54665716_130_D2V-055_DRN-0580
845,54665716,130,D2V-055,DRN-0580,22/02/2020,54665716_130_D2V-055_DRN-0580
84,54665716,151,D2V-055,DRN-0084,5/06/2020,54665716_151_D2V-055_DRN-0084
853,54665716,151,D2V-055,DRN-0084,5/06/2020,54665716_151_D2V-055_DRN-0084
2,58992942,102,Q6B-243,DRN-0002,28/02/2020,58992942_102_Q6B-243_DRN-0002
695,58992942,102,Q6B-243,DRN-0002,28/02/2020,58992942_102_Q6B-243_DRN-0002
4,58992942,123,V7O-315,DRN-0004,1/01/2020,58992942_123_V7O-315_DRN-0004
360,58992942,130,V7O-315,DRN-0360,19/12/2020,58992942_130_V7O-315_DRN-0360
324,58992942,147,V7O-315,DRN-0324,4/07/2020,58992942_147_V7O-315_DRN-0324
60,58992942,207,H8M-598,DRN-0060,7/08/2020,58992942_207_H8M-598_DRN-0060
767,58992942,207,H8M-598,DRN-0060,7/08/2020,58992942_207_H8M-598_DRN-0060
407,58992942,329,H8M-598,DRN-0407,19/02/2020,58992942_329_H8M-598_DRN-0407
860,58992942,329,H8M-598,DRN-0407,19/02/2020,58992942_329_H8M-598_DRN-0407
508,58992942,333,V7O-315,DRN-0508,28/07/2020,58992942_333_V7O-315_DRN-0508
609,60335381,105,E6T-667,DRN-0609,15/05/2020,60335381_105_E6T-667_DRN-0609
794,60335381,105,E6T-667,DRN-0609,15/05/2020,60335381_105_E6T-667_DRN-0609
178,60335381,149,B3U-845,DRN-0178,19/08/2020,60335381_149_B3U-845_DRN-0178
866,60335381,149,B3U-845,DRN-0178,19/08/2020,60335381_149_B3U-845_DRN-0178
87,60335381,162,E6T-667,DRN-0087,20/11/2020,60335381_162_E6T-667_DRN-0087
572,60335381,163,E6T-667,DRN-0572,25/07/2020,60335381_163_E6T-667_DRN-0572
281,60335381,166,E6T-667,DRN-0281,23/10/2020,60335381_166_E6T-667_DRN-0281
661,60335381,166,E6T-667,DRN-0281,23/10/2020,60335381_166_E6T-667_DRN-0281
470,60784914,112,P4Y-758,DRN-0470,7/12/2020,60784914_112_P4Y-758_DRN-0470
107,60784914,117,C6Q-548,DRN-0107,4/03/2020,60784914_117_C6Q-548_DRN-0107
916,60784914,117,C6Q-548,DRN-0107,4/03/2020,60784914_117_C6Q-548_DRN-0107
432,60784914,128,C6Q-548,DRN-0432,31/05/2020,60784914_128_C6Q-548_DRN-0432
909,60784914,128,C6Q-548,DRN-0432,31/05/2020,60784914_128_C6Q-548_DRN-0432
246,60784914,165,P4Y-758,DRN-0246,10/11/2020,60784914_165_P4Y-758_DRN-0246
336,60784914,201,A8J-929,DRN-0336,27/05/2020,60784914_201_A8J-929_DRN-0336
807,60784914,201,A8J-929,DRN-0336,27/05/2020,60784914_201_A8J-929_DRN-0336
616,60784914,205,C6Q-548,DRN-0616,27/01/2020,60784914_205_C6Q-548_DRN-0616
217,60784914,306,P4Y-758,DRN-0217,24/02/2020,60784914_306_P4Y-758_DRN-0217
446,60784914,309,C6G-842,DRN-0446,14/05/2020,60784914_309_C6G-842_DRN-0446
694,60784914,309,C6G-842,DRN-0446,14/05/2020,60784914_309_C6G-842_DRN-0446
267,60784914,309,P4Y-758,DRN-0267,13/06/2020,60784914_309_P4Y-758_DRN-0267
9,63291514,104,Z1A-459,DRN-0009,20/08/2020,63291514_104_Z1A-459_DRN-0009
847,63291514,104,Z1A-459,DRN-0009,20/08/2020,63291514_104_Z1A-459_DRN-0009
433,63291514,206,L3W-411,DRN-0433,27/12/2020,63291514_206_L3W-411_DRN-0433
824,63291514,206,L3W-411,DRN-0433,27/12/2020,63291514_206_L3W-411_DRN-0433
243,63736112,115,K0D-676,DRN-0243,4/03/2020,63736112_115_K0D-676_DRN-0243
546,63736112,128,K0D-676,DRN-0546,12/11/2020,63736112_128_K0D-676_DRN-0546
342,63736112,304,K0D-676,DRN-0342,21/04/2020,63736112_304_K0D-676_DRN-0342
450,64178096,132,I0X-469,DRN-0450,24/05/2020,64178096_132_I0X-469_DRN-0450
715,64178096,132,I0X-469,DRN-0450,24/05/2020,64178096_132_I0X-469_DRN-0450
51,64178096,157,G3B-505,DRN-0051,22/11/2020,64178096_157_G3B-505_DRN-0051
154,64178096,204,B7V-643,DRN-0154,5/03/2020,64178096_204_B7V-643_DRN-0154
951,64178096,204,B7V-643,DRN-0154,5/03/2020,64178096_204_B7V-643_DRN-0154
216,64178096,306,G3B-505,DRN-0216,23/10/2020,64178096_306_G3B-505_DRN-0216
362,64178096,310,G3B-505,DRN-0362,26/03/2020,64178096_310_G3B-505_DRN-0362
691,64178096,310,G3B-505,DRN-0362,26/03/2020,64178096_310_G3B-505_DRN-0362
430,64178096,313,B7V-643,DRN-0430,12/09/2020,64178096_313_B7V-643_DRN-0430
788,64178096,313,B7V-643,DRN-0430,12/09/2020,64178096_313_B7V-643_DRN-0430
518,64178096,320,I0X-469,DRN-0518,16/06/2020,64178096_320_I0X-469_DRN-0518
171,64178096,321,I0X-469,DRN-0171,4/11/2020,64178096_321_I0X-469_DRN-0171
381,64532449,103,K8R-348,DRN-0381,5/02/2020,64532449_103_K8R-348_DRN-0381
796,64532449,103,K8R-348,DRN-0381,5/02/2020,64532449_103_K8R-348_DRN-0381
468,64532449,106,K8R-348,DRN-0468,24/10/2020,64532449_106_K8R-348_DRN-0468
605,64532449,143,X3Z-285,DRN-0605,20/02/2020,64532449_143_X3Z-285_DRN-0605
818,64532449,143,X3Z-285,DRN-0605,20/02/2020,64532449_143_X3Z-285_DRN-0605
86,64532449,159,J0V-437,DRN-0086,4/07/2020,64532449_159_J0V-437_DRN-0086
736,64532449,159,J0V-437,DRN-0086,4/07/2020,64532449_159_J0V-437_DRN-0086
161,64532449,204,J0V-437,DRN-0161,27/10/2020,64532449_204_J0V-437_DRN-0161
328,64532449,207,J0V-437,DRN-0328,3/11/2020,64532449_207_J0V-437_DRN-0328
705,64532449,207,J0V-437,DRN-0328,3/11/2020,64532449_207_J0V-437_DRN-0328
545,64532449,304,V4I-691,DRN-0545,3/08/2020,64532449_304_V4I-691_DRN-0545
881,64532449,304,V4I-691,DRN-0545,3/08/2020,64532449_304_V4I-691_DRN-0545
419,64532449,322,V4I-691,DRN-0419,17/05/2020,64532449_322_V4I-691_DRN-0419
211,66849703,114,J2F-853,DRN-0211,20/10/2020,66849703_114_J2F-853_DRN-0211
846,66849703,114,J2F-853,DRN-0211,20/10/2020,66849703_114_J2F-853_DRN-0211
143,66849703,115,B4N-777,DRN-0143,25/02/2020,66849703_115_B4N-777_DRN-0143
196,66849703,115,J2F-853,DRN-0196,24/07/2020,66849703_115_J2F-853_DRN-0196
857,66849703,115,J2F-853,DRN-0196,24/07/2020,66849703_115_J2F-853_DRN-0196
377,66849703,124,B4N-777,DRN-0377,21/04/2020,66849703_124_B4N-777_DRN-0377
696,66849703,124,B4N-777,DRN-0377,21/04/2020,66849703_124_B4N-777_DRN-0377
112,66849703,139,B4N-777,DRN-0112,18/02/2020,66849703_139_B4N-777_DRN-0112
127,66849703,170,B4N-777,DRN-0127,20/11/2020,66849703_170_B4N-777_DRN-0127
306,66849703,331,B4N-777,DRN-0306,14/06/2020,66849703_331_B4N-777_DRN-0306
549,67185679,107,F1F-571,DRN-0549,30/04/2020,67185679_107_F1F-571_DRN-0549
43,67185679,109,F1F-571,DRN-0043,16/05/2020,67185679_109_F1F-571_DRN-0043
814,67185679,109,F1F-571,DRN-0043,16/05/2020,67185679_109_F1F-571_DRN-0043
456,67185679,122,S7F-983,DRN-0456,10/03/2020,67185679_122_S7F-983_DRN-0456
225,67185679,127,I2P-193,DRN-0225,15/03/2020,67185679_127_I2P-193_DRN-0225
530,67185679,163,S7F-983,DRN-0530,21/04/2020,67185679_163_S7F-983_DRN-0530
924,67185679,163,S7F-983,DRN-0530,21/04/2020,67185679_163_S7F-983_DRN-0530
606,67185679,206,F1F-571,DRN-0606,20/01/2020,67185679_206_F1F-571_DRN-0606
62,67185679,312,S7F-983,DRN-0062,22/12/2020,67185679_312_S7F-983_DRN-0062
528,67185679,315,S7F-983,DRN-0528,19/09/2020,67185679_315_S7F-983_DRN-0528
571,67185679,316,S7F-983,DRN-0571,28/02/2020,67185679_316_S7F-983_DRN-0571
733,67185679,316,S7F-983,DRN-0571,28/02/2020,67185679_316_S7F-983_DRN-0571
147,67185679,335,S7F-983,DRN-0147,26/08/2020,67185679_335_S7F-983_DRN-0147
72,68303148,115,H1W-140,DRN-0072,9/08/2020,68303148_115_H1W-140_DRN-0072
654,68303148,115,H1W-140,DRN-0072,9/08/2020,68303148_115_H1W-140_DRN-0072
215,68303148,156,H1W-140,DRN-0215,19/04/2020,68303148_156_H1W-140_DRN-0215
774,68303148,156,H1W-140,DRN-0215,19/04/2020,68303148_156_H1W-140_DRN-0215
222,68310808,114,K2N-341,DRN-0222,7/04/2020,68310808_114_K2N-341_DRN-0222
960,68310808,114,K2N-341,DRN-0222,7/04/2020,68310808_114_K2N-341_DRN-0222
520,68310808,151,I3A-223,DRN-0520,16/10/2020,68310808_151_I3A-223_DRN-0520
341,68310808,315,W8F-397,DRN-0341,5/10/2020,68310808_315_W8F-397_DRN-0341
670,68310808,315,W8F-397,DRN-0341,5/10/2020,68310808_315_W8F-397_DRN-0341
610,68310808,338,I3A-223,DRN-0610,6/08/2020,68310808_338_I3A-223_DRN-0610
200,69252518,124,P7I-760,DRN-0200,22/06/2020,69252518_124_P7I-760_DRN-0200
373,69252518,132,P7I-760,DRN-0373,3/10/2020,69252518_132_P7I-760_DRN-0373
167,69252518,151,Y0Y-415,DRN-0167,30/06/2020,69252518_151_Y0Y-415_DRN-0167
759,69252518,151,Y0Y-415,DRN-0167,30/06/2020,69252518_151_Y0Y-415_DRN-0167
32,69252518,306,P7I-760,DRN-0032,25/10/2020,69252518_306_P7I-760_DRN-0032
629,69252518,327,P7I-760,DRN-0629,30/08/2020,69252518_327_P7I-760_DRN-0629
386,69494747,104,J8D-125,DRN-0386,25/09/2020,69494747_104_J8D-125_DRN-0386
565,69494747,146,J8D-125,DRN-0565,8/08/2020,69494747_146_J8D-125_DRN-0565
489,70414420,122,U5T-348,DRN-0489,24/11/2020,70414420_122_U5T-348_DRN-0489
35,70414420,159,U5T-348,DRN-0035,26/02/2020,70414420_159_U5T-348_DRN-0035
85,70414420,201,A7Y-514,DRN-0085,28/11/2020,70414420_201_A7Y-514_DRN-0085
128,70414420,301,U5T-348,DRN-0128,24/06/2020,70414420_301_U5T-348_DRN-0128
74,70414420,317,U5T-348,DRN-0074,25/07/2020,70414420_317_U5T-348_DRN-0074
583,70414420,325,U5T-348,DRN-0583,9/11/2020,70414420_325_U5T-348_DRN-0583
921,70414420,325,U5T-348,DRN-0583,9/11/2020,70414420_325_U5T-348_DRN-0583
56,71578206,104,Y9F-491,DRN-0056,21/08/2020,71578206_104_Y9F-491_DRN-0056
745,71578206,104,Y9F-491,DRN-0056,21/08/2020,71578206_104_Y9F-491_DRN-0056
164,71578206,120,G7Z-721,DRN-0164,17/02/2020,71578206_120_G7Z-721_DRN-0164
152,71578206,133,G7Z-721,DRN-0152,3/08/2020,71578206_133_G7Z-721_DRN-0152
395,71578206,137,Y9F-491,DRN-0395,24/11/2020,71578206_137_Y9F-491_DRN-0395
92,71578206,155,G7Z-721,DRN-0092,10/07/2020,71578206_155_G7Z-721_DRN-0092
871,71578206,155,G7Z-721,DRN-0092,10/07/2020,71578206_155_G7Z-721_DRN-0092
286,71578206,313,Y9F-491,DRN-0286,1/11/2020,71578206_313_Y9F-491_DRN-0286
783,71578206,313,Y9F-491,DRN-0286,1/11/2020,71578206_313_Y9F-491_DRN-0286
490,71578206,315,G7Z-721,DRN-0490,30/08/2020,71578206_315_G7Z-721_DRN-0490
680,71578206,315,G7Z-721,DRN-0490,30/08/2020,71578206_315_G7Z-721_DRN-0490
319,71578206,318,G7Z-721,DRN-0319,31/10/2020,71578206_318_G7Z-721_DRN-0319
755,71578206,318,G7Z-721,DRN-0319,31/10/2020,71578206_318_G7Z-721_DRN-0319
19,71578206,322,Y9F-491,DRN-0019,23/06/2020,71578206_322_Y9F-491_DRN-0019
938,71578206,322,Y9F-491,DRN-0019,23/06/2020,71578206_322_Y9F-491_DRN-0019
644,71578206,324,G7Z-721,DRN-0644,2/11/2020,71578206_324_G7Z-721_DRN-0644
389,71578206,332,G7Z-721,DRN-0389,30/09/2020,71578206_332_G7Z-721_DRN-0389
239,71578206,338,Y9F-491,DRN-0239,2/08/2020,71578206_338_Y9F-491_DRN-0239
326,71832810,116,T1K-210,DRN-0326,7/08/2020,71832810_116_T1K-210_DRN-0326
653,71832810,116,T1K-210,DRN-0326,7/08/2020,71832810_116_T1K-210_DRN-0326
186,71832810,154,T1K-210,DRN-0186,19/01/2020,71832810_154_T1K-210_DRN-0186
61,71832810,160,W1C-444,DRN-0061,30/03/2020,71832810_160_W1C-444_DRN-0061
894,71832810,160,W1C-444,DRN-0061,30/03/2020,71832810_160_W1C-444_DRN-0061
114,73357516,103,J2K-636,DRN-0114,10/05/2020,73357516_103_J2K-636_DRN-0114
801,73357516,103,J2K-636,DRN-0114,10/05/2020,73357516_103_J2K-636_DRN-0114
348,73357516,112,J2K-636,DRN-0348,6/01/2020,73357516_112_J2K-636_DRN-0348
626,73357516,122,G0B-604,DRN-0626,14/03/2020,73357516_122_G0B-604_DRN-0626
251,73357516,134,J2K-636,DRN-0251,26/12/2020,73357516_134_J2K-636_DRN-0251
78,73357516,139,G0B-604,DRN-0078,12/03/2020,73357516_139_G0B-604_DRN-0078
710,73357516,139,G0B-604,DRN-0078,12/03/2020,73357516_139_G0B-604_DRN-0078
264,73357516,166,G0B-604,DRN-0264,27/08/2020,73357516_166_G0B-604_DRN-0264
709,73357516,166,G0B-604,DRN-0264,27/08/2020,73357516_166_G0B-604_DRN-0264
99,73357516,170,G0B-604,DRN-0099,4/02/2020,73357516_170_G0B-604_DRN-0099
248,73357516,314,P1T-781,DRN-0248,13/10/2020,73357516_314_P1T-781_DRN-0248
805,73357516,314,P1T-781,DRN-0248,13/10/2020,73357516_314_P1T-781_DRN-0248
88,73567806,103,W9Z-281,DRN-0088,25/11/2020,73567806_103_W9Z-281_DRN-0088
880,73567806,103,W9Z-281,DRN-0088,25/11/2020,73567806_103_W9Z-281_DRN-0088
134,73567806,105,Q9D-870,DRN-0134,25/01/2020,73567806_105_Q9D-870_DRN-0134
263,73567806,105,W9Z-281,DRN-0263,15/09/2020,73567806_105_W9Z-281_DRN-0263
365,73567806,118,Q9D-870,DRN-0365,2/11/2020,73567806_118_Q9D-870_DRN-0365
539,73567806,129,Q9D-870,DRN-0539,14/04/2020,73567806_129_Q9D-870_DRN-0539
415,73567806,164,A7Y-833,DRN-0415,21/12/2020,73567806_164_A7Y-833_DRN-0415
649,73567806,203,A7Y-833,DRN-0649,13/03/2020,73567806_203_A7Y-833_DRN-0649
914,73567806,203,A7Y-833,DRN-0649,13/03/2020,73567806_203_A7Y-833_DRN-0649
633,73567806,207,Q9D-870,DRN-0633,23/10/2020,73567806_207_Q9D-870_DRN-0633
925,73567806,207,Q9D-870,DRN-0633,23/10/2020,73567806_207_Q9D-870_DRN-0633
305,73567806,305,Q9D-870,DRN-0305,22/01/2020,73567806_305_Q9D-870_DRN-0305
797,73567806,305,Q9D-870,DRN-0305,22/01/2020,73567806_305_Q9D-870_DRN-0305
514,73567806,309,E2D-493,DRN-0514,24/01/2020,73567806_309_E2D-493_DRN-0514
928,73567806,309,E2D-493,DRN-0514,24/01/2020,73567806_309_E2D-493_DRN-0514
426,73567806,319,W9Z-281,DRN-0426,23/07/2020,73567806_319_W9Z-281_DRN-0426
109,73567806,321,Q9D-870,DRN-0109,21/09/2020,73567806_321_Q9D-870_DRN-0109
740,73567806,321,Q9D-870,DRN-0109,21/09/2020,73567806_321_Q9D-870_DRN-0109
318,73567806,334,A7Y-833,DRN-0318,11/07/2020,73567806_334_A7Y-833_DRN-0318
703,73567806,334,A7Y-833,DRN-0318,11/07/2020,73567806_334_A7Y-833_DRN-0318
311,73567806,341,W9Z-281,DRN-0311,23/01/2020,73567806_341_W9Z-281_DRN-0311
840,73567806,341,W9Z-281,DRN-0311,23/01/2020,73567806_341_W9Z-281_DRN-0311
404,73818744,147,U5N-536,DRN-0404,17/10/2020,73818744_147_U5N-536_DRN-0404
735,73818744,147,U5N-536,DRN-0404,17/10/2020,73818744_147_U5N-536_DRN-0404
570,73818744,207,U5N-536,DRN-0570,21/08/2020,73818744_207_U5N-536_DRN-0570
969,73818744,207,U5N-536,DRN-0570,21/08/2020,73818744_207_U5N-536_DRN-0570
484,73818744,324,U5N-536,DRN-0484,6/06/2020,73818744_324_U5N-536_DRN-0484
443,73818744,332,U5N-536,DRN-0443,19/05/2020,73818744_332_U5N-536_DRN-0443
855,73818744,332,U5N-536,DRN-0443,19/05/2020,73818744_332_U5N-536_DRN-0443
22,73972114,102,A2F-518,DRN-0022,13/10/2020,73972114_102_A2F-518_DRN-0022
893,73972114,102,A2F-518,DRN-0022,13/10/2020,73972114_102_A2F-518_DRN-0022
89,73972114,102,J2M-606,DRN-0089,19/11/2020,73972114_102_J2M-606_DRN-0089
898,73972114,102,J2M-606,DRN-0089,19/11/2020,73972114_102_J2M-606_DRN-0089
421,73972114,105,D8H-157,DRN-0421,24/03/2020,73972114_105_D8H-157_DRN-0421
732,73972114,105,D8H-157,DRN-0421,24/03/2020,73972114_105_D8H-157_DRN-0421
250,73972114,107,A2F-518,DRN-0250,10/11/2020,73972114_107_A2F-518_DRN-0250
888,73972114,107,A2F-518,DRN-0250,10/11/2020,73972114_107_A2F-518_DRN-0250
113,73972114,131,A2F-518,DRN-0113,15/01/2020,73972114_131_A2F-518_DRN-0113
955,73972114,131,A2F-518,DRN-0113,15/01/2020,73972114_131_A2F-518_DRN-0113
573,73972114,133,A2F-518,DRN-0573,15/02/2020,73972114_133_A2F-518_DRN-0573
192,73972114,156,J2M-606,DRN-0192,9/12/2020,73972114_156_J2M-606_DRN-0192
793,73972114,156,J2M-606,DRN-0192,9/12/2020,73972114_156_J2M-606_DRN-0192
416,73972114,205,J2M-606,DRN-0416,28/11/2020,73972114_205_J2M-606_DRN-0416
623,73972114,312,J2M-606,DRN-0623,22/02/2020,73972114_312_J2M-606_DRN-0623
611,73972114,326,J2M-606,DRN-0611,26/01/2020,73972114_326_J2M-606_DRN-0611
369,74325123,103,V9F-655,DRN-0369,15/08/2020,74325123_103_V9F-655_DRN-0369
777,74325123,103,V9F-655,DRN-0369,15/08/2020,74325123_103_V9F-655_DRN-0369
58,74325123,121,V9F-655,DRN-0058,1/03/2020,74325123_121_V9F-655_DRN-0058
639,74325123,158,V9F-655,DRN-0639,18/02/2020,74325123_158_V9F-655_DRN-0639
177,74325123,309,H0E-855,DRN-0177,1/09/2020,74325123_309_H0E-855_DRN-0177
676,74325123,309,H0E-855,DRN-0177,1/09/2020,74325123_309_H0E-855_DRN-0177
287,75348522,117,E1L-705,DRN-0287,14/08/2020,75348522_117_E1L-705_DRN-0287
954,75348522,117,E1L-705,DRN-0287,14/08/2020,75348522_117_E1L-705_DRN-0287
55,75348522,124,P5B-640,DRN-0055,3/08/2020,75348522_124_P5B-640_DRN-0055
681,75348522,124,P5B-640,DRN-0055,3/08/2020,75348522_124_P5B-640_DRN-0055
153,75348522,142,X0D-655,DRN-0153,2/02/2020,75348522_142_X0D-655_DRN-0153
868,75348522,142,X0D-655,DRN-0153,2/02/2020,75348522_142_X0D-655_DRN-0153
491,75348522,164,E1L-705,DRN-0491,22/11/2020,75348522_164_E1L-705_DRN-0491
379,75945248,121,K6X-977,DRN-0379,17/04/2020,75945248_121_K6X-977_DRN-0379
615,77367073,103,C2S-070,DRN-0615,20/12/2020,77367073_103_C2S-070_DRN-0615
664,77367073,103,C2S-070,DRN-0615,20/12/2020,77367073_103_C2S-070_DRN-0615
507,77367073,104,N7K-403,DRN-0507,10/01/2020,77367073_104_N7K-403_DRN-0507
157,77367073,129,C2S-070,DRN-0157,14/05/2020,77367073_129_C2S-070_DRN-0157
346,77367073,140,W4W-684,DRN-0346,16/05/2020,77367073_140_W4W-684_DRN-0346
721,77367073,140,W4W-684,DRN-0346,16/05/2020,77367073_140_W4W-684_DRN-0346
172,77367073,141,W4W-684,DRN-0172,13/07/2020,77367073_141_W4W-684_DRN-0172
939,77367073,141,W4W-684,DRN-0172,13/07/2020,77367073_141_W4W-684_DRN-0172
517,77367073,143,C2S-070,DRN-0517,7/12/2020,77367073_143_C2S-070_DRN-0517
675,77367073,143,C2S-070,DRN-0517,7/12/2020,77367073_143_C2S-070_DRN-0517
258,77367073,153,N7K-403,DRN-0258,30/05/2020,77367073_153_N7K-403_DRN-0258
257,77367073,310,H9A-097,DRN-0257,8/05/2020,77367073_310_H9A-097_DRN-0257
737,77367073,310,H9A-097,DRN-0257,8/05/2020,77367073_310_H9A-097_DRN-0257
624,77367073,327,C2S-070,DRN-0624,18/07/2020,77367073_327_C2S-070_DRN-0624
831,77367073,327,C2S-070,DRN-0624,18/07/2020,77367073_327_C2S-070_DRN-0624
566,77367073,329,N7K-403,DRN-0566,20/02/2020,77367073_329_N7K-403_DRN-0566
36,77367073,334,C2S-070,DRN-0036,17/10/2020,77367073_334_C2S-070_DRN-0036
402,77763722,112,D1M-667,DRN-0402,23/02/2020,77763722_112_D1M-667_DRN-0402
335,77763722,132,W2L-827,DRN-0335,17/03/2020,77763722_132_W2L-827_DRN-0335
875,77763722,132,W2L-827,DRN-0335,17/03/2020,77763722_132_W2L-827_DRN-0335
586,77763722,143,A1Q-612,DRN-0586,25/03/2020,77763722_143_A1Q-612_DRN-0586
383,77763722,309,Q4P-612,DRN-0383,27/01/2020,77763722_309_Q4P-612_DRN-0383
488,77763722,309,W2L-827,DRN-0488,1/11/2020,77763722_309_W2L-827_DRN-0488
303,77763722,322,A1Q-612,DRN-0303,24/06/2020,77763722_322_A1Q-612_DRN-0303
423,77763722,339,A1Q-612,DRN-0423,21/01/2020,77763722_339_A1Q-612_DRN-0423
268,79641328,103,X8Q-687,DRN-0268,11/01/2020,79641328_103_X8Q-687_DRN-0268
748,79641328,103,X8Q-687,DRN-0268,11/01/2020,79641328_103_X8Q-687_DRN-0268
29,79641328,142,L0L-653,DRN-0029,17/12/2020,79641328_142_L0L-653_DRN-0029
781,79641328,142,L0L-653,DRN-0029,17/12/2020,79641328_142_L0L-653_DRN-0029
439,79641328,202,B4R-105,DRN-0439,17/02/2020,79641328_202_B4R-105_DRN-0439
480,79641328,204,L0L-653,DRN-0480,8/04/2020,79641328_204_L0L-653_DRN-0480
758,79641328,204,L0L-653,DRN-0480,8/04/2020,79641328_204_L0L-653_DRN-0480
625,79641328,315,B4R-105,DRN-0625,8/02/2020,79641328_315_B4R-105_DRN-0625
883,79641328,315,B4R-105,DRN-0625,8/02/2020,79641328_315_B4R-105_DRN-0625
104,79641328,338,X8Q-687,DRN-0104,10/11/2020,79641328_338_X8Q-687_DRN-0104
800,79641328,338,X8Q-687,DRN-0104,10/11/2020,79641328_338_X8Q-687_DRN-0104
521,79641328,339,X8Q-687,DRN-0521,4/01/2020,79641328_339_X8Q-687_DRN-0521
761,79641328,339,X8Q-687,DRN-0521,4/01/2020,79641328_339_X8Q-687_DRN-0521
534,79672079,119,O3H-954,DRN-0534,15/01/2020,79672079_119_O3H-954_DRN-0534
674,79672079,119,O3H-954,DRN-0534,15/01/2020,79672079_119_O3H-954_DRN-0534
581,79672079,127,Y3Q-331,DRN-0581,7/10/2020,79672079_127_Y3Q-331_DRN-0581
787,79672079,127,Y3Q-331,DRN-0581,7/10/2020,79672079_127_Y3Q-331_DRN-0581
418,79672079,131,R7U-941,DRN-0418,7/10/2020,79672079_131_R7U-941_DRN-0418
269,79672079,136,R7U-941,DRN-0269,2/09/2020,79672079_136_R7U-941_DRN-0269
350,79672079,142,R7U-941,DRN-0350,6/03/2020,79672079_142_R7U-941_DRN-0350
743,79672079,142,R7U-941,DRN-0350,6/03/2020,79672079_142_R7U-941_DRN-0350
445,79672079,162,Y3Q-331,DRN-0445,17/04/2020,79672079_162_Y3Q-331_DRN-0445
422,79672079,170,Y3Q-331,DRN-0422,15/08/2020,79672079_170_Y3Q-331_DRN-0422
116,79672079,203,R7U-941,DRN-0116,15/11/2020,79672079_203_R7U-941_DRN-0116
895,79672079,203,R7U-941,DRN-0116,15/11/2020,79672079_203_R7U-941_DRN-0116
181,79672079,318,Y3Q-331,DRN-0181,28/06/2020,79672079_318_Y3Q-331_DRN-0181
656,79672079,318,Y3Q-331,DRN-0181,28/06/2020,79672079_318_Y3Q-331_DRN-0181
502,79766395,130,N6D-256,DRN-0502,14/07/2020,79766395_130_N6D-256_DRN-0502
238,79766395,146,T3R-184,DRN-0238,8/05/2020,79766395_146_T3R-184_DRN-0238
798,79766395,146,T3R-184,DRN-0238,8/05/2020,79766395_146_T3R-184_DRN-0238
194,79766395,153,T3R-184,DRN-0194,27/10/2020,79766395_153_T3R-184_DRN-0194
363,79766395,206,N6D-256,DRN-0363,4/04/2020,79766395_206_N6D-256_DRN-0363
666,79766395,206,N6D-256,DRN-0363,4/04/2020,79766395_206_N6D-256_DRN-0363
259,79766395,208,H7P-047,DRN-0259,4/03/2020,79766395_208_H7P-047_DRN-0259
825,79766395,208,H7P-047,DRN-0259,4/03/2020,79766395_208_H7P-047_DRN-0259
598,79766395,302,N6D-256,DRN-0598,2/04/2020,79766395_302_N6D-256_DRN-0598
934,79766395,302,N6D-256,DRN-0598,2/04/2020,79766395_302_N6D-256_DRN-0598
504,79766395,310,N6D-256,DRN-0504,15/05/2020,79766395_310_N6D-256_DRN-0504
169,79766395,317,H7P-047,DRN-0169,3/11/2020,79766395_317_H7P-047_DRN-0169
944,79766395,317,H7P-047,DRN-0169,3/11/2020,79766395_317_H7P-047_DRN-0169
249,79766395,322,N6D-256,DRN-0249,22/01/2020,79766395_322_N6D-256_DRN-0249
662,79766395,322,N6D-256,DRN-0249,22/01/2020,79766395_322_N6D-256_DRN-0249
459,80310768,163,O2F-523,DRN-0459,20/03/2020,80310768_163_O2F-523_DRN-0459
627,80310768,319,N5J-515,DRN-0627,19/03/2020,80310768_319_N5J-515_DRN-0627
179,80310768,326,O2F-523,DRN-0179,22/06/2020,80310768_326_O2F-523_DRN-0179
129,80457845,101,Z5G-762,DRN-0129,9/11/2020,80457845_101_Z5G-762_DRN-0129
519,80457845,104,W0C-131,DRN-0519,12/02/2020,80457845_104_W0C-131_DRN-0519
907,80457845,104,W0C-131,DRN-0519,12/02/2020,80457845_104_W0C-131_DRN-0519
106,80457845,109,Z5G-762,DRN-0106,6/03/2020,80457845_109_Z5G-762_DRN-0106
130,80457845,150,M7F-612,DRN-0130,5/02/2020,80457845_150_M7F-612_DRN-0130
41,80457845,335,Z5G-762,DRN-0041,18/04/2020,80457845_335_Z5G-762_DRN-0041
742,80457845,335,Z5G-762,DRN-0041,18/04/2020,80457845_335_Z5G-762_DRN-0041
0,81485316,128,J5T-691,DRN-0000,24/12/2020,81485316_128_J5T-691_DRN-0000
886,81485316,128,J5T-691,DRN-0000,24/12/2020,81485316_128_J5T-691_DRN-0000
634,81485316,138,J5T-691,DRN-0634,4/11/2020,81485316_138_J5T-691_DRN-0634
207,81485316,319,J5T-691,DRN-0207,17/04/2020,81485316_319_J5T-691_DRN-0207
523,81485316,324,J5T-691,DRN-0523,8/01/2020,81485316_324_J5T-691_DRN-0523
692,81485316,324,J5T-691,DRN-0523,8/01/2020,81485316_324_J5T-691_DRN-0523
340,81528434,150,D6F-465,DRN-0340,22/01/2020,81528434_150_D6F-465_DRN-0340
771,81528434,150,D6F-465,DRN-0340,22/01/2020,81528434_150_D6F-465_DRN-0340
568,81528434,150,D6F-465,DRN-0568,1/04/2020,81528434_150_D6F-465_DRN-0568
273,81528434,204,D6F-465,DRN-0273,19/06/2020,81528434_204_D6F-465_DRN-0273
212,81528434,309,B3U-020,DRN-0212,26/01/2020,81528434_309_B3U-020_DRN-0212
768,81528434,309,B3U-020,DRN-0212,26/01/2020,81528434_309_B3U-020_DRN-0212
168,81528434,312,D6F-465,DRN-0168,21/08/2020,81528434_312_D6F-465_DRN-0168
221,81799482,118,E3U-768,DRN-0221,30/08/2020,81799482_118_E3U-768_DRN-0221
803,81799482,118,E3U-768,DRN-0221,30/08/2020,81799482_118_E3U-768_DRN-0221
97,81799482,338,V7P-711,DRN-0097,29/06/2020,81799482_338_V7P-711_DRN-0097
375,82031355,113,J0J-790,DRN-0375,8/04/2020,82031355_113_J0J-790_DRN-0375
776,82031355,113,J0J-790,DRN-0375,8/04/2020,82031355_113_J0J-790_DRN-0375
231,82031355,148,H6X-124,DRN-0231,26/03/2020,82031355_148_H6X-124_DRN-0231
658,82031355,148,H6X-124,DRN-0231,26/03/2020,82031355_148_H6X-124_DRN-0231
110,82031355,150,Z5D-724,DRN-0110,16/11/2020,82031355_150_Z5D-724_DRN-0110
686,82031355,150,Z5D-724,DRN-0110,16/11/2020,82031355_150_Z5D-724_DRN-0110
406,82031355,166,Z5D-724,DRN-0406,13/03/2020,82031355_166_Z5D-724_DRN-0406
366,82031355,208,H6X-124,DRN-0366,20/09/2020,82031355_208_H6X-124_DRN-0366
191,82031355,305,Z5D-724,DRN-0191,3/01/2020,82031355_305_Z5D-724_DRN-0191
351,82031355,319,Z5D-724,DRN-0351,19/09/2020,82031355_319_Z5D-724_DRN-0351
296,82870470,103,K0H-387,DRN-0296,13/01/2020,82870470_103_K0H-387_DRN-0296
854,82870470,103,K0H-387,DRN-0296,13/01/2020,82870470_103_K0H-387_DRN-0296
235,82870470,104,K0H-387,DRN-0235,7/07/2020,82870470_104_K0H-387_DRN-0235
844,82870470,104,K0H-387,DRN-0235,7/07/2020,82870470_104_K0H-387_DRN-0235
10,82870470,118,C4O-436,DRN-0010,12/10/2020,82870470_118_C4O-436_DRN-0010
669,82870470,118,C4O-436,DRN-0010,12/10/2020,82870470_118_C4O-436_DRN-0010
13,82870470,143,K0H-387,DRN-0013,3/03/2020,82870470_143_K0H-387_DRN-0013
31,82870470,158,C4O-436,DRN-0031,16/12/2020,82870470_158_C4O-436_DRN-0031
679,82870470,158,C4O-436,DRN-0031,16/12/2020,82870470_158_C4O-436_DRN-0031
542,82870470,335,K0H-387,DRN-0542,23/09/2020,82870470_335_K0H-387_DRN-0542
531,84186239,131,T6W-978,DRN-0531,23/12/2020,84186239_131_T6W-978_DRN-0531
410,84186239,316,T6W-978,DRN-0410,5/11/2020,84186239_316_T6W-978_DRN-0410
73,84186239,336,T6W-978,DRN-0073,19/06/2020,84186239_336_T6W-978_DRN-0073
816,84186239,336,T6W-978,DRN-0073,19/06/2020,84186239_336_T6W-978_DRN-0073
271,85501710,105,Z4K-431,DRN-0271,29/09/2020,85501710_105_Z4K-431_DRN-0271
697,85501710,105,Z4K-431,DRN-0271,29/09/2020,85501710_105_Z4K-431_DRN-0271
646,85501710,129,N2C-590,DRN-0646,9/10/2020,85501710_129_N2C-590_DRN-0646
746,85501710,129,N2C-590,DRN-0646,9/10/2020,85501710_129_N2C-590_DRN-0646
275,85501710,157,Z4K-431,DRN-0275,25/02/2020,85501710_157_Z4K-431_DRN-0275
900,85501710,157,Z4K-431,DRN-0275,25/02/2020,85501710_157_Z4K-431_DRN-0275
417,85501710,320,N2C-590,DRN-0417,5/04/2020,85501710_320_N2C-590_DRN-0417
323,85501710,331,Z4K-431,DRN-0323,22/10/2020,85501710_331_Z4K-431_DRN-0323
81,86429854,103,K1F-766,DRN-0081,13/04/2020,86429854_103_K1F-766_DRN-0081
663,86429854,103,K1F-766,DRN-0081,13/04/2020,86429854_103_K1F-766_DRN-0081
301,86429854,104,M5U-987,DRN-0301,26/02/2020,86429854_104_M5U-987_DRN-0301
973,86429854,104,M5U-987,DRN-0301,26/02/2020,86429854_104_M5U-987_DRN-0301
474,86429854,125,M5U-987,DRN-0474,5/07/2020,86429854_125_M5U-987_DRN-0474
156,86429854,142,K1F-766,DRN-0156,10/10/2020,86429854_142_K1F-766_DRN-0156
44,86429854,154,M5U-987,DRN-0044,11/04/2020,86429854_154_M5U-987_DRN-0044
708,86429854,154,M5U-987,DRN-0044,11/04/2020,86429854_154_M5U-987_DRN-0044
509,86429854,207,K1F-766,DRN-0509,26/04/2020,86429854_207_K1F-766_DRN-0509
832,86429854,207,K1F-766,DRN-0509,26/04/2020,86429854_207_K1F-766_DRN-0509
483,86429854,306,K1F-766,DRN-0483,10/04/2020,86429854_306_K1F-766_DRN-0483
476,86429854,333,K1F-766,DRN-0476,1/05/2020,86429854_333_K1F-766_DRN-0476
64,86429854,338,K1F-766,DRN-0064,15/04/2020,86429854_338_K1F-766_DRN-0064
466,86429854,341,M5U-987,DRN-0466,8/11/2020,86429854_341_M5U-987_DRN-0466
65,86718074,102,Q6I-941,DRN-0065,12/03/2020,86718074_102_Q6I-941_DRN-0065
720,86718074,102,Q6I-941,DRN-0065,12/03/2020,86718074_102_Q6I-941_DRN-0065
444,86718074,107,L4O-783,DRN-0444,17/10/2020,86718074_107_L4O-783_DRN-0444
795,86718074,107,L4O-783,DRN-0444,17/10/2020,86718074_107_L4O-783_DRN-0444
309,86718074,141,Q6I-941,DRN-0309,9/09/2020,86718074_141_Q6I-941_DRN-0309
370,86718074,301,L4O-783,DRN-0370,4/09/2020,86718074_301_L4O-783_DRN-0370
836,86718074,301,L4O-783,DRN-0370,4/09/2020,86718074_301_L4O-783_DRN-0370
398,86718074,307,L4O-783,DRN-0398,27/08/2020,86718074_307_L4O-783_DRN-0398
562,87282766,105,S1D-093,DRN-0562,5/10/2020,87282766_105_S1D-093_DRN-0562
631,87282766,111,S1D-093,DRN-0631,4/09/2020,87282766_111_S1D-093_DRN-0631
756,87282766,111,S1D-093,DRN-0631,4/09/2020,87282766_111_S1D-093_DRN-0631
449,87282766,123,S1D-093,DRN-0449,14/12/2020,87282766_123_S1D-093_DRN-0449
699,87282766,123,S1D-093,DRN-0449,14/12/2020,87282766_123_S1D-093_DRN-0449
83,87282766,134,S1D-093,DRN-0083,24/10/2020,87282766_134_S1D-093_DRN-0083
829,87282766,134,S1D-093,DRN-0083,24/10/2020,87282766_134_S1D-093_DRN-0083
574,87282766,204,S1D-093,DRN-0574,11/05/2020,87282766_204_S1D-093_DRN-0574
852,87282766,204,S1D-093,DRN-0574,11/05/2020,87282766_204_S1D-093_DRN-0574
316,87282766,323,S1D-093,DRN-0316,27/05/2020,87282766_323_S1D-093_DRN-0316
622,87282766,331,S1D-093,DRN-0622,9/01/2020,87282766_331_S1D-093_DRN-0622
966,87282766,331,S1D-093,DRN-0622,9/01/2020,87282766_331_S1D-093_DRN-0622
201,87495937,123,L2H-207,DRN-0201,15/10/2020,87495937_123_L2H-207_DRN-0201
384,87495937,124,M5G-669,DRN-0384,7/01/2020,87495937_124_M5G-669_DRN-0384
618,87495937,129,Z8C-558,DRN-0618,18/10/2020,87495937_129_Z8C-558_DRN-0618
408,87495937,150,L2H-207,DRN-0408,29/03/2020,87495937_150_L2H-207_DRN-0408
242,87495937,155,M5G-669,DRN-0242,15/02/2020,87495937_155_M5G-669_DRN-0242
111,87495937,158,L2H-207,DRN-0111,17/03/2020,87495937_158_L2H-207_DRN-0111
424,87495937,160,Z8C-558,DRN-0424,19/05/2020,87495937_160_Z8C-558_DRN-0424
917,87495937,160,Z8C-558,DRN-0424,19/05/2020,87495937_160_Z8C-558_DRN-0424
93,87495937,304,M5G-669,DRN-0093,2/11/2020,87495937_304_M5G-669_DRN-0093
859,87495937,304,M5G-669,DRN-0093,2/11/2020,87495937_304_M5G-669_DRN-0093
554,87495937,336,L2H-207,DRN-0554,25/08/2020,87495937_336_L2H-207_DRN-0554
214,88167677,118,O0C-616,DRN-0214,9/04/2020,88167677_118_O0C-616_DRN-0214
382,88167677,121,B4C-100,DRN-0382,31/08/2020,88167677_121_B4C-100_DRN-0382
968,88167677,121,B4C-100,DRN-0382,31/08/2020,88167677_121_B4C-100_DRN-0382
636,88167677,123,B4C-100,DRN-0636,3/02/2020,88167677_123_B4C-100_DRN-0636
937,88167677,123,B4C-100,DRN-0636,3/02/2020,88167677_123_B4C-100_DRN-0636
274,88167677,128,O0C-616,DRN-0274,4/01/2020,88167677_128_O0C-616_DRN-0274
843,88167677,128,O0C-616,DRN-0274,4/01/2020,88167677_128_O0C-616_DRN-0274
473,88167677,149,B4C-100,DRN-0473,4/06/2020,88167677_149_B4C-100_DRN-0473
158,88167677,160,V7U-622,DRN-0158,25/05/2020,88167677_160_V7U-622_DRN-0158
689,88167677,160,V7U-622,DRN-0158,25/05/2020,88167677_160_V7U-622_DRN-0158
278,88167677,202,B4C-100,DRN-0278,21/08/2020,88167677_202_B4C-100_DRN-0278
858,88167677,202,B4C-100,DRN-0278,21/08/2020,88167677_202_B4C-100_DRN-0278
630,88167677,310,Y4Y-028,DRN-0630,6/02/2020,88167677_310_Y4Y-028_DRN-0630
799,88167677,310,Y4Y-028,DRN-0630,6/02/2020,88167677_310_Y4Y-028_DRN-0630
162,88167677,316,Y4Y-028,DRN-0162,18/05/2020,88167677_316_Y4Y-028_DRN-0162
198,88167677,316,Y4Y-028,DRN-0198,18/06/2020,88167677_316_Y4Y-028_DRN-0198
42,88167677,329,Y4Y-028,DRN-0042,1/07/2020,88167677_329_Y4Y-028_DRN-0042
815,88167677,329,Y4Y-028,DRN-0042,1/07/2020,88167677_329_Y4Y-028_DRN-0042
393,88167677,332,B4C-100,DRN-0393,2/07/2020,88167677_332_B4C-100_DRN-0393
763,88167677,332,B4C-100,DRN-0393,2/07/2020,88167677_332_B4C-100_DRN-0393
576,88167677,332,Y4Y-028,DRN-0576,21/09/2020,88167677_332_Y4Y-028_DRN-0576
101,88167677,338,O0C-616,DRN-0101,12/02/2020,88167677_338_O0C-616_DRN-0101
712,88167677,338,O0C-616,DRN-0101,12/02/2020,88167677_338_O0C-616_DRN-0101
124,88854166,104,L3N-150,DRN-0124,10/12/2020,88854166_104_L3N-150_DRN-0124
927,88854166,104,L3N-150,DRN-0124,10/12/2020,88854166_104_L3N-150_DRN-0124
20,88854166,122,H3E-885,DRN-0020,10/06/2020,88854166_122_H3E-885_DRN-0020
620,88854166,135,L3N-150,DRN-0620,19/06/2020,88854166_135_L3N-150_DRN-0620
920,88854166,135,L3N-150,DRN-0620,19/06/2020,88854166_135_L3N-150_DRN-0620
277,88854166,331,O0K-148,DRN-0277,22/09/2020,88854166_331_O0K-148_DRN-0277
659,88854166,331,O0K-148,DRN-0277,22/09/2020,88854166_331_O0K-148_DRN-0277
136,88854166,334,L3N-150,DRN-0136,21/05/2020,88854166_334_L3N-150_DRN-0136
541,89314225,104,C3A-423,DRN-0541,2/12/2020,89314225_104_C3A-423_DRN-0541
226,89314225,110,C3A-423,DRN-0226,20/06/2020,89314225_110_C3A-423_DRN-0226
155,89314225,164,C3A-423,DRN-0155,27/01/2020,89314225_164_C3A-423_DRN-0155
802,89314225,164,C3A-423,DRN-0155,27/01/2020,89314225_164_C3A-423_DRN-0155
371,89314225,341,C3A-423,DRN-0371,21/02/2020,89314225_341_C3A-423_DRN-0371
24,89941095,140,P6T-244,DRN-0024,17/09/2020,89941095_140_P6T-244_DRN-0024
752,89941095,140,P6T-244,DRN-0024,17/09/2020,89941095_140_P6T-244_DRN-0024
429,89941095,164,R8O-904,DRN-0429,23/07/2020,89941095_164_R8O-904_DRN-0429
163,89941095,314,P6N-119,DRN-0163,6/01/2020,89941095_314_P6N-119_DRN-0163
718,89941095,314,P6N-119,DRN-0163,6/01/2020,89941095_314_P6N-119_DRN-0163
465,89941095,314,P6T-244,DRN-0465,1/06/2020,89941095_314_P6T-244_DRN-0465
151,89941095,320,R8O-904,DRN-0151,25/09/2020,89941095_320_R8O-904_DRN-0151
95,89941095,331,R8O-904,DRN-0095,12/08/2020,89941095_331_R8O-904_DRN-0095
265,89941095,337,R8O-904,DRN-0265,9/11/2020,89941095_337_R8O-904_DRN-0265
738,89941095,337,R8O-904,DRN-0265,9/11/2020,89941095_337_R8O-904_DRN-0265
46,90467829,105,X8U-894,DRN-0046,6/10/2020,90467829_105_X8U-894_DRN-0046
911,90467829,105,X8U-894,DRN-0046,6/10/2020,90467829_105_X8U-894_DRN-0046
187,90467829,118,K4H-445,DRN-0187,22/10/2020,90467829_118_K4H-445_DRN-0187
302,90467829,118,X8U-894,DRN-0302,16/09/2020,90467829_118_X8U-894_DRN-0302
892,90467829,118,X8U-894,DRN-0302,16/09/2020,90467829_118_X8U-894_DRN-0302
387,90467829,128,C9H-661,DRN-0387,29/11/2020,90467829_128_C9H-661_DRN-0387
648,90467829,129,H1R-953,DRN-0648,23/06/2020,90467829_129_H1R-953_DRN-0648
388,90467829,136,H1R-953,DRN-0388,5/02/2020,90467829_136_H1R-953_DRN-0388
276,90467829,145,K4H-445,DRN-0276,10/10/2020,90467829_145_K4H-445_DRN-0276
330,90467829,313,K4H-445,DRN-0330,17/07/2020,90467829_313_K4H-445_DRN-0330
602,90467829,335,H1R-953,DRN-0602,11/10/2020,90467829_335_H1R-953_DRN-0602
779,90467829,335,H1R-953,DRN-0602,11/10/2020,90467829_335_H1R-953_DRN-0602
70,96693273,120,C0G-556,DRN-0070,3/10/2020,96693273_120_C0G-556_DRN-0070
762,96693273,120,C0G-556,DRN-0070,3/10/2020,96693273_120_C0G-556_DRN-0070
224,96693273,123,C0G-556,DRN-0224,22/02/2020,96693273_123_C0G-556_DRN-0224
59,96693273,135,C0G-556,DRN-0059,9/10/2020,96693273_135_C0G-556_DRN-0059
280,96693273,135,F3R-138,DRN-0280,24/07/2020,96693273_135_F3R-138_DRN-0280
961,96693273,135,F3R-138,DRN-0280,24/07/2020,96693273_135_F3R-138_DRN-0280
557,96693273,141,A6K-820,DRN-0557,15/08/2020,96693273_141_A6K-820_DRN-0557
569,96693273,147,F3R-138,DRN-0569,30/04/2020,96693273_147_F3R-138_DRN-0569
949,96693273,147,F3R-138,DRN-0569,30/04/2020,96693273_147_F3R-138_DRN-0569
499,96693273,148,B9X-420,DRN-0499,26/05/2020,96693273_148_B9X-420_DRN-0499
891,96693273,148,B9X-420,DRN-0499,26/05/2020,96693273_148_B9X-420_DRN-0499
174,96693273,165,C0G-556,DRN-0174,30/12/2020,96693273_165_C0G-556_DRN-0174
682,96693273,165,C0G-556,DRN-0174,30/12/2020,96693273_165_C0G-556_DRN-0174
364,96693273,302,F3R-138,DRN-0364,28/10/2020,96693273_302_F3R-138_DRN-0364
965,96693273,302,F3R-138,DRN-0364,28/10/2020,96693273_302_F3R-138_DRN-0364
503,96693273,312,C0G-556,DRN-0503,24/12/2020,96693273_312_C0G-556_DRN-0503
870,96693273,312,C0G-556,DRN-0503,24/12/2020,96693273_312_C0G-556_DRN-0503
233,97849227,109,I0K-077,DRN-0233,29/06/2020,97849227_109_I0K-077_DRN-0233
300,97849227,126,I0K-077,DRN-0300,27/01/2020,97849227_126_I0K-077_DRN-0300
849,97849227,126,I0K-077,DRN-0300,27/01/2020,97849227_126_I0K-077_DRN-0300
241,97849227,311,I0K-077,DRN-0241,24/02/2020,97849227_311_I0K-077_DRN-0241
135,97849227,323,I0K-077,DRN-0135,30/06/2020,97849227_323_I0K-077_DRN-0135
773,97849227,323,I0K-077,DRN-0135,30/06/2020,97849227_323_I0K-077_DRN-0135
307,97849227,328,I0K-077,DRN-0307,7/10/2020,97849227_328_I0K-077_DRN-0307
553,97849227,341,I0K-077,DRN-0553,14/07/2020,97849227_341_I0K-077_DRN-0553
782,97849227,341,I0K-077,DRN-0553,14/07/2020,97849227_341_I0K-077_DRN-0553
547,99950484,103,Y9W-731,DRN-0547,22/12/2020,99950484_103_Y9W-731_DRN-0547
501,99950484,107,Y6I-680,DRN-0501,6/05/2020,99950484_107_Y6I-680_DRN-0501
896,99950484,107,Y6I-680,DRN-0501,6/05/2020,99950484_107_Y6I-680_DRN-0501
125,99950484,135,Y9W-731,DRN-0125,28/07/2020,99950484_135_Y9W-731_DRN-0125
537,99950484,145,Y6I-680,DRN-0537,26/05/2020,99950484_145_Y6I-680_DRN-0537
138,99950484,162,Y6I-680,DRN-0138,26/07/2020,99950484_162_Y6I-680_DRN-0138
647,99950484,326,L8A-167,DRN-0647,29/03/2020,99950484_326_L8A-167_DRN-0647
551,99950484,326,X0R-946,DRN-0551,11/07/2020,99950484_326_X0R-946_DRN-0551
16,99950484,338,Y9W-731,DRN-0016,25/05/2020,99950484_338_Y9W-731_DRN-0016
